Applicant_ID,Full_Name,Employer_Name,Age,Employment_Type,Monthly_Net_Income,Total_Existing_EMIs,Is_First_Loan,CIBIL_Score,Requested_Loan_Amount,Requested_Tenure_Months,Average_Monthly_Bank_Balance,Number_of_Bounced_Transactions_Last_6M,Default_Probability,Default
APP00001,Allison Hill,Jacobson-Baker,41,Salaried,85244.51,20363.79,0,713.0,1297180.27,48,87075.18,2,0.0552,0
APP00002,Noah Rhodes,"Stephens, Lopez and Mcclure",28,Salaried,77678.15,15531.45,0,687.0,2882070.7,36,120990.69,1,0.0261,0
APP00003,Angie Henderson,Lopez-Williams,46,Salaried,83934.28,14860.4,0,764.0,1210659.09,24,145391.13,1,0.0066,0
APP00004,Daniel Wagner,Marshall-Perez,47,Salaried,116759.19,44104.91,0,596.0,2428497.73,48,223157.75,3,0.9132,1
APP00005,Cristian Santos,Elliott-Hernandez,21,Salaried,57218.29,1698.85,0,666.0,2274517.88,24,94648.3,0,0.0019,0
APP00006,Connie Lawrence,"Contreras, Miller and Cooper",25,Salaried,69547.29,29180.54,0,450.0,1491845.37,24,120944.32,3,0.9908,1
APP00007,Abigail Shaffer,"Gutierrez, Avila and Perez",39,Salaried,80084.07,25491.96,0,668.0,3453651.48,84,115365.98,2,0.4913,1
APP00008,Gina Moore,Randall PLC,35,Salaried,63864.3,15739.21,1,,4302148.45,36,120293.5,0,0.0943,0
APP00009,Gabrielle Davis,Sheppard-Mcdaniel,38,Salaried,54358.39,3072.76,0,765.0,1305930.57,60,115435.04,0,0.0009,0
APP00010,Ryan Munoz,Armstrong-Young,29,Salaried,166839.21,31318.72,1,,3075045.32,120,343723.1,0,0.0026,0
APP00011,Monica Herrera,Miller-Orr,47,Salaried,61707.72,3189.29,0,703.0,3796048.48,24,153784.24,0,0.019,0
APP00012,Jamie Arnold,"Johnson, Duncan and Black",46,Salaried,56044.27,11470.83,1,,2220260.57,36,93162.27,0,0.0566,0
APP00013,Lisa Hensley,"Byrd, Oliver and Martinez",39,Self-Employed,86042.97,19439.38,0,624.0,5589064.23,36,75040.7,2,0.5993,0
APP00014,Michele Williams,Thompson-Joyce,49,Self-Employed,82004.56,14020.04,0,734.0,2490265.01,48,164920.65,1,0.0265,0
APP00015,Dylan Miller,Stokes and Sons,43,Salaried,38875.18,5586.68,0,665.0,1930227.2,120,24997.32,2,0.272,0
APP00016,Brian Ramirez,Henderson Ltd,29,Salaried,102091.26,14830.63,0,681.0,6880829.53,84,99162.4,3,0.1374,0
APP00017,Holly Wood,Harris-Carson,42,Salaried,69323.38,6269.6,0,772.0,1546032.66,60,164173.76,0,0.0012,0
APP00018,Derek Zuniga,Flowers LLC,28,Salaried,36864.89,3268.31,0,794.0,2213504.72,24,55934.96,0,0.0018,0
APP00019,Lisa Jackson,Bartlett-Sloan,47,Salaried,129119.69,16929.38,0,706.0,6441910.87,60,210556.29,2,0.0612,0
APP00020,Carla Gray,Miller PLC,38,Salaried,91471.07,17157.98,0,658.0,5559319.45,36,246064.51,1,0.1493,0
APP00021,Margaret Hawkins DDS,Arnold-Gates,36,Salaried,38138.72,10605.32,1,,848266.26,48,35723.38,0,0.0517,0
APP00022,Patty Perez,"Ellis, Marks and Buchanan",31,Self-Employed,199499.74,29787.37,0,736.0,7590005.18,36,101326.92,2,0.0061,0
APP00023,Ethan Adams,"Matthews, Harrington and Rodriguez",50,Salaried,101722.22,19778.62,1,,2007003.11,24,71485.63,2,0.0784,0
APP00024,Tommy Walter,Hernandez PLC,36,Salaried,67066.57,24526.28,0,684.0,4668164.0,12,60900.57,0,0.4313,0
APP00025,Matthew Foster,"Chang, Ayers and Buckley",34,Self-Employed,181875.49,16937.26,0,683.0,2866631.21,24,401402.21,2,0.0055,0
APP00026,Judy Baker,"Chan, Floyd and Dillon",34,Self-Employed,66798.3,4152.67,0,734.0,1064030.39,12,157892.8,0,0.0009,0
APP00027,Justin Baker,Humphrey-Baker,43,Salaried,72231.39,10801.78,0,667.0,4759281.02,24,127895.03,0,0.0954,0
APP00028,Stephanie Ross,"Washington, Lynch and Johnson",42,Salaried,53733.4,5178.42,0,624.0,1614459.2,48,58182.45,0,0.0417,0
APP00029,Zachary Hicks,Powell-Montgomery,42,Salaried,93972.53,25230.92,0,726.0,4493879.53,84,146797.02,1,0.0921,0
APP00030,Anthony Rodriguez,"Steele, Williams and Preston",42,Salaried,89625.62,24380.3,0,752.0,2621417.71,24,41613.35,1,0.0329,0
APP00031,Rebecca Henderson,Vaughn-Williams,59,Self-Employed,69460.12,16758.96,0,606.0,3537291.73,84,134652.43,0,0.7001,0
APP00032,James Ferrell,Mccall-Prince,34,Salaried,46061.87,10943.56,0,721.0,1084672.4,24,82631.03,1,0.0323,0
APP00033,Tricia Valencia,Morgan LLC,33,Salaried,68807.73,17653.38,0,747.0,2720118.61,60,33258.97,2,0.0525,0
APP00034,Nathan Maldonado,Ramirez-Vasquez,30,Salaried,60494.74,3642.18,1,,2662345.01,36,149179.45,0,0.0034,0
APP00035,Debra Davidson,"Cohen, Compton and Perez",44,Salaried,40595.77,7730.23,0,681.0,1299818.49,24,88468.21,1,0.1219,0
APP00036,Jeffrey Chavez,Mccann-Ramos,49,Self-Employed,24537.64,4635.95,0,635.0,665019.9,24,28231.4,2,0.574,0
APP00037,Sherri Baker,Adams-Butler,37,Salaried,87949.57,12285.34,0,719.0,1795261.81,12,170848.93,1,0.0066,0
APP00038,Cassandra Gaines,"Davis, Alexander and Mcintyre",30,Salaried,19358.2,940.72,0,758.0,1052479.39,24,37846.17,0,0.0036,0
APP00039,Elizabeth Fowler,Figueroa-Malone,30,Self-Employed,65525.74,11911.11,0,713.0,1447919.82,36,51108.28,1,0.01,0
APP00040,Brittany Farmer,Nicholson-Robertson,45,Self-Employed,48659.62,8470.44,0,653.0,1436801.04,36,43675.77,4,0.5579,0
APP00041,Paula Moreno,Jones Ltd,45,Salaried,134764.51,19845.12,0,633.0,4341374.68,48,275652.94,2,0.1436,0
APP00042,Fred Smith,"Powell, Deleon and Warren",43,Salaried,58583.4,5544.99,0,746.0,2300102.03,36,158161.36,1,0.0098,0
APP00043,Sherry Decker,"Johnson, Lee and Whitaker",31,Salaried,85103.06,9476.49,0,747.0,4608681.64,84,155964.87,1,0.0058,0
APP00044,Anthony Humphrey,Wright Group,40,Salaried,59114.76,5135.97,1,,2227249.63,12,108543.39,0,0.0083,0
APP00045,Angelica Tucker,Hull Ltd,39,Salaried,73518.48,15854.5,1,,4724710.27,24,138837.23,2,0.2348,0
APP00046,Philip Cannon,Hill Group,40,Salaried,98461.77,17913.98,0,823.0,5197515.07,48,143337.05,0,0.0024,0
APP00047,John Pierce,"Sanders, Leblanc and Maldonado",47,Self-Employed,49733.95,11776.21,1,,3098882.59,24,27860.97,3,0.6464,0
APP00048,Shane Henderson,Watson PLC,40,Self-Employed,129071.97,4252.3,0,807.0,7096536.57,48,189309.17,1,0.0009,0
APP00049,Joshua Blair,Thompson-Harrell,45,Self-Employed,33917.1,11242.23,0,611.0,709474.69,12,77831.79,3,0.9152,1
APP00050,Eric Carney,"Arnold, Cooper and Monroe",39,Self-Employed,78042.61,26505.88,0,736.0,5515710.91,60,162775.41,2,0.4422,1
APP00051,Jessica Holmes,Curry-Barker,41,Self-Employed,123994.24,22608.29,0,797.0,7339860.58,60,317623.66,0,0.0044,0
APP00052,Danny Morgan,Johnson-Williams,44,Self-Employed,106745.05,16789.8,0,679.0,4949053.34,84,86752.6,2,0.1199,0
APP00053,Crystal Robinson,"Chan, Lewis and Walker",23,Self-Employed,196978.23,57395.93,0,746.0,4316552.68,60,296996.9,4,0.0342,0
APP00054,Mark Perez,Byrd LLC,35,Salaried,47200.56,4104.83,0,765.0,1055444.22,24,88572.56,0,0.0011,0
APP00055,Shannon Jones,"Ortiz, Smith and Deleon",33,Salaried,34891.05,10694.69,1,,1704772.37,60,30276.8,0,0.1468,0
APP00056,Michael Lewis,"Smith, Buck and Holland",32,Salaried,40960.31,9890.09,0,646.0,1514377.42,36,36102.62,3,0.4912,0
APP00057,Timothy Duncan,"Owen, Walker and Franklin",35,Salaried,89581.85,21154.52,0,768.0,4707666.71,60,193962.77,1,0.0207,0
APP00058,Richard Aguirre,Marquez-Fletcher,53,Salaried,94618.43,14220.69,0,783.0,3249732.63,24,190735.22,0,0.0052,0
APP00059,Brent Jordan,Coleman-Bennett,29,Salaried,64500.78,17040.14,1,,2758744.31,48,118565.4,1,0.0661,0
APP00060,John Daniel,Stevens-Robinson,48,Salaried,45625.02,1899.48,0,735.0,1062035.59,24,52156.99,0,0.0032,0
APP00061,Victoria Garcia,Byrd-Holloway,21,Salaried,77666.46,20161.2,0,678.0,1655232.87,36,119419.04,3,0.0852,0
APP00062,Gerald Hensley,Silva-Smith,35,Salaried,38353.14,1107.6,0,700.0,634310.53,36,21079.74,1,0.0039,0
APP00063,Connor West,"Levy, Franco and Hoffman",40,Self-Employed,144610.86,31935.19,0,813.0,8847055.19,120,106113.35,3,0.0323,0
APP00064,Donald Wright,"Lynch, Evans and Rodriguez",44,Self-Employed,497016.84,168205.46,0,683.0,22526381.4,120,741439.79,2,0.2155,1
APP00065,Jessica Callahan,Rogers LLC,45,Salaried,88210.05,7506.42,0,719.0,6071362.1,60,107613.27,1,0.0333,0
APP00066,Amber Kidd,"Nguyen, Hill and Douglas",46,Salaried,98315.88,30696.41,0,760.0,5600974.85,120,241782.28,1,0.1314,0
APP00067,Tracy House,"Evans, Hernandez and Cannon",35,Salaried,53312.28,10244.13,0,699.0,3098818.22,84,80897.47,0,0.045,0
APP00068,Carol Tucker,Trujillo PLC,33,Self-Employed,16616.37,4037.7,0,744.0,706918.47,12,10348.33,2,0.1683,0
APP00069,James Brown,Guerrero-Becker,47,Self-Employed,45086.06,16058.08,0,552.0,2746969.23,48,20181.47,3,0.9945,1
APP00070,William Baker,"Johnson, Jimenez and Phillips",36,Salaried,41201.36,1702.61,0,717.0,2823273.76,24,93335.51,0,0.0104,0
APP00071,Jordan Henderson,Sullivan-Doyle,25,Self-Employed,19247.64,4095.74,0,781.0,1064479.74,12,15974.58,0,0.0123,0
APP00072,Whitney Peters,"Erickson, Armstrong and Lee",27,Salaried,130135.06,14364.67,0,828.0,2386070.16,24,119206.47,0,0.0001,0
APP00073,Brittney Phillips,"Reeves, Parks and Little",29,Salaried,69647.72,14414.6,0,643.0,3556295.71,60,97376.96,2,0.2205,0
APP00074,Lauren Daniels,Knox-Powers,43,Self-Employed,86745.91,2209.2,0,693.0,1667776.21,12,99356.89,0,0.0022,1
APP00075,Amy Silva,"Evans, Jackson and Sandoval",39,Salaried,60781.78,10342.61,0,729.0,1011004.29,12,113525.59,2,0.0222,0
APP00076,Sarah Moore,"White, Davis and Anderson",45,Salaried,69201.73,13996.29,0,667.0,3707415.3,12,106631.33,1,0.2318,0
APP00077,Angela Lopez,Hardy-Hansen,34,Salaried,101446.05,7314.77,0,708.0,6298493.98,60,76140.85,1,0.0108,0
APP00078,Megan Young,Arroyo LLC,40,Salaried,69654.0,13060.56,0,759.0,1499684.82,48,155401.28,1,0.0081,0
APP00079,Steve Sanchez,"Davis, Kelly and Garner",44,Self-Employed,97504.91,15282.0,0,664.0,1603850.18,120,140605.32,2,0.065,0
APP00080,Lisa Barnes,Fisher-Eaton,35,Self-Employed,52743.49,12264.35,0,597.0,3438420.58,36,94485.13,0,0.4585,1
APP00081,Kelly Donovan,Green-Carter,43,Salaried,62711.4,17190.47,0,601.0,1249998.85,12,27591.44,2,0.612,1
APP00082,Mike Allen,Ruiz Ltd,31,Salaried,33581.78,7590.1,0,702.0,473676.61,48,61539.4,1,0.0325,0
APP00083,Michael Evans,"Carpenter, Oliver and Kennedy",34,Self-Employed,14965.46,4624.05,0,562.0,827040.11,12,15274.27,2,0.9729,1
APP00084,Paul Jones,Mason Ltd,34,Salaried,58426.91,15841.9,0,676.0,3672886.74,120,87674.65,1,0.2954,0
APP00085,Zachary Ferrell,Moreno-Gutierrez,26,Self-Employed,55918.28,12808.29,0,632.0,2397127.25,48,61610.52,0,0.0806,0
APP00086,Daniel Baker,Taylor and Sons,43,Salaried,41007.44,7942.81,0,819.0,1820546.58,24,110761.89,0,0.0058,0
APP00087,Shirley Suarez,Ortiz-Hudson,33,Salaried,63900.93,12291.94,0,851.0,2058353.2,12,62208.2,0,0.0006,0
APP00088,Christopher Bass,Thomas-Huffman,38,Self-Employed,65156.06,7893.59,0,638.0,1714112.17,12,170293.3,2,0.0894,0
APP00089,Lisa Archer,Maxwell Group,43,Salaried,27724.28,854.63,0,761.0,1588987.22,24,76292.74,0,0.0058,0
APP00090,Aimee Montoya,Welch-Thompson,42,Salaried,47911.89,12736.21,1,,3016392.11,36,64496.8,1,0.3382,0
APP00091,Matthew Mcmillan,"Brown, Hayes and Clark",45,Salaried,89845.06,22913.59,0,678.0,2809876.01,60,98769.83,1,0.1402,0
APP00092,Brian Rodriguez,Johnston and Sons,37,Salaried,81176.11,22167.9,1,,2307767.9,48,101815.09,4,0.3494,0
APP00093,Denise Jacobs,Glover-Chan,34,Salaried,39107.95,145.74,0,721.0,1097662.39,24,116064.86,0,0.0013,0
APP00094,Christina Walters,Mendez Ltd,37,Salaried,73240.33,6086.2,0,720.0,1101221.42,12,143693.06,0,0.0016,0
APP00095,John Whitehead,Powell-Sanford,21,Self-Employed,102279.38,16803.58,0,624.0,2952243.24,36,174795.43,3,0.0828,1
APP00096,Anna Henderson,Smith-Ferguson,24,Self-Employed,90016.32,14139.75,0,750.0,1218735.88,12,48921.37,3,0.0048,1
APP00097,Aaron Wise,"Watson, Smith and Morris",25,Salaried,55853.01,14066.46,0,516.0,3312332.68,48,127888.67,0,0.6737,1
APP00098,Deborah Figueroa,"Lee, Rhodes and Sims",28,Salaried,49234.23,6787.57,1,,1346832.47,36,32524.42,0,0.0051,0
APP00099,Jessica Smith,Perez LLC,42,Self-Employed,42322.49,3302.11,0,706.0,2260414.84,60,25111.8,2,0.0674,0
APP00100,Stephen Mckee,Anderson-Reyes,29,Self-Employed,77697.69,27653.78,1,,3464641.29,36,75823.91,2,0.2741,1
APP00101,Sandra Aguilar,"Torres, Brown and Williams",34,Salaried,71756.34,20671.01,0,759.0,4466675.33,48,103768.74,0,0.0369,0
APP00102,Cameron Parker,Bryant-Meyer,51,Salaried,100385.59,10864.32,0,806.0,6989118.53,84,260003.62,0,0.0054,0
APP00103,Rebecca Valencia,"Morgan, Barron and Cowan",34,Salaried,69743.39,20881.95,0,590.0,2373890.27,48,146785.14,2,0.6867,1
APP00104,Christine Wright,Ferrell-Henry,45,Salaried,108122.16,28444.35,0,836.0,1870561.87,36,93344.13,0,0.0019,0
APP00105,Richard Henson,Martin Group,29,Salaried,64278.71,2326.27,0,659.0,3662520.42,60,90267.82,0,0.0083,0
APP00106,Marc Moore,Perez Ltd,36,Salaried,95907.48,10931.52,0,810.0,1273472.87,48,221636.53,0,0.0003,0
APP00107,Sharon Cherry,Clark Inc,28,Self-Employed,101640.72,13962.96,1,,2579417.97,24,172065.05,0,0.0026,0
APP00108,Sierra Johnson,"Wagner, Martinez and Dawson",35,Self-Employed,34448.82,9149.37,0,665.0,523451.19,24,27969.06,1,0.1315,0
APP00109,Evelyn Galvan,Brooks Ltd,46,Self-Employed,19390.36,3378.98,0,654.0,1277609.37,36,26376.73,3,0.8539,1
APP00110,Sharon Cochran,Wise-Dean,21,Salaried,110156.82,13281.23,0,700.0,1356892.4,12,213744.35,2,0.0028,0
APP00111,Richard Rodriguez,"Vang, Stanley and Valdez",42,Salaried,81179.79,9536.97,1,,3374199.66,60,224119.26,0,0.0122,0
APP00112,Shannon Walker,Williams Inc,40,Self-Employed,19349.02,4324.06,0,646.0,724426.17,24,37029.88,1,0.4293,1
APP00113,Julia Torres,Wallace-Martinez,32,Self-Employed,35341.94,4373.36,0,702.0,1808259.2,12,17920.02,1,0.0344,0
APP00114,Crystal Johnson,Wells-Hernandez,24,Salaried,81344.52,28821.0,0,606.0,2390279.95,12,151439.61,3,0.6663,1
APP00115,Garrett Lin,"Jennings, Smith and Fisher",39,Self-Employed,52209.59,16337.67,0,600.0,3363431.56,60,49641.06,2,0.916,1
APP00116,Diana May,Bates LLC,33,Salaried,51543.18,11571.27,1,,2889549.28,60,121504.48,3,0.2997,0
APP00117,William Herrera,"Obrien, Taylor and Rivas",40,Self-Employed,171297.02,44118.48,0,612.0,6498609.17,48,217846.09,2,0.402,1
APP00118,Ashley Waller,Hunt PLC,38,Salaried,43085.63,9017.8,0,693.0,1442574.77,12,38539.6,0,0.0422,0
APP00119,Victor Baker,Campbell Inc,54,Salaried,52805.63,14847.22,1,,3218677.43,24,75781.99,0,0.3877,0
APP00120,Jeffrey Chandler,Gonzalez-Gonzalez,36,Salaried,74098.7,10779.08,0,735.0,4255015.24,36,78190.67,0,0.0099,0
APP00121,Larry Dixon,Decker-Dudley,28,Salaried,72449.03,31728.61,0,773.0,2603818.28,48,61652.1,2,0.1457,0
APP00122,Kenneth Scott,Warner-Phillips,40,Salaried,88362.38,34311.32,0,529.0,2870214.25,24,137653.59,2,0.9634,1
APP00123,April Frost,Kelley and Sons,40,Salaried,106500.43,1342.63,1,,1526500.42,12,255933.5,2,0.0034,0
APP00124,Michelle Harmon,"Fitzpatrick, Rivera and Smith",52,Salaried,82694.02,7217.25,1,,1397730.28,12,204624.43,1,0.0138,0
APP00125,Helen Jones,"Davis, Rodriguez and Andrews",46,Self-Employed,96838.58,20326.42,0,767.0,1475346.2,24,129508.15,0,0.0045,0
APP00126,Erin Edwards,Hernandez-Davis,42,Salaried,64362.15,17398.25,0,737.0,866631.75,36,37127.76,1,0.032,0
APP00127,Michelle Evans,"Jones, Cummings and Conway",53,Salaried,77789.09,6818.73,0,727.0,1646977.23,36,127184.68,0,0.0056,0
APP00128,Jason Powell,"Hall, Hinton and Phillips",26,Self-Employed,57952.15,16684.14,0,672.0,3675818.19,60,78604.87,3,0.5515,0
APP00129,Cameron Fisher,Williams-Li,32,Salaried,70587.17,8334.28,0,673.0,4227434.6,120,65918.38,1,0.0413,0
APP00130,Megan Orr,Phelps LLC,29,Salaried,87208.76,17308.94,0,757.0,5470991.92,60,215267.21,0,0.0075,0
APP00131,Elizabeth Kelley,"Edwards, Rodgers and Davis",34,Self-Employed,88126.31,17013.0,0,578.0,4355909.34,84,233713.67,2,0.5103,0
APP00132,Dustin Jordan,Smith and Sons,24,Self-Employed,53892.53,5324.9,0,767.0,2664650.5,48,32242.57,1,0.0025,0
APP00133,Mary Marshall,"Holland, Murphy and Kline",44,Salaried,51399.09,11025.5,0,716.0,998987.86,12,114227.9,0,0.0236,0
APP00134,Daniel Kennedy,"Adams, Quinn and Watson",36,Self-Employed,64221.22,7580.86,1,,3463959.26,60,127768.31,0,0.0142,0
APP00135,Rebecca Jackson,White-Morales,23,Salaried,55940.24,4270.94,0,725.0,1611167.57,24,62068.68,0,0.001,0
APP00136,Jose Schultz,Nelson-Cruz,28,Salaried,66294.72,1690.62,0,737.0,2860961.82,48,136651.19,0,0.0008,0
APP00137,Robert Potter,Marsh-Banks,41,Self-Employed,304586.46,80985.39,0,728.0,21102772.15,36,216981.54,4,0.3384,1
APP00138,Courtney Gonzalez,Wilson Ltd,46,Salaried,59745.22,12421.98,1,,3837849.05,48,36056.17,1,0.2252,0
APP00139,David Alvarez,"Brown, Dunlap and Moore",58,Self-Employed,92395.57,18320.54,0,778.0,2401509.7,60,248351.06,1,0.0222,0
APP00140,Angel Perry,Pruitt-Webb,65,Salaried,122314.41,10277.87,0,673.0,6873951.95,36,245005.09,2,0.3041,0
APP00141,Cheyenne Horton,"Gregory, White and James",42,Self-Employed,70418.85,9644.73,0,767.0,1284823.29,12,74324.53,0,0.002,0
APP00142,David Douglas Jr.,Carr-Huffman,28,Salaried,174026.72,37012.74,0,758.0,2367555.0,24,252733.76,0,0.0008,0
APP00143,Patricia Rodriguez,"Mcpherson, Anderson and Knapp",21,Salaried,46396.1,5703.18,0,646.0,635183.85,24,125200.09,2,0.0145,0
APP00144,Christopher Rubio,Clay Group,41,Salaried,82726.3,28587.39,0,593.0,1837747.36,48,109274.05,2,0.7664,1
APP00145,Amber Wright,Brown Ltd,30,Salaried,43575.86,11166.61,0,693.0,2339888.6,48,104521.73,1,0.1432,0
APP00146,Joyce Solis,Smith-Oneill,34,Self-Employed,46716.71,8225.08,0,757.0,1578947.82,60,113839.32,1,0.0104,0
APP00147,Victoria Larson,"Saunders, Ray and Cunningham",32,Salaried,71670.16,15049.85,0,592.0,928597.8,24,87262.59,2,0.2129,0
APP00148,Stephanie Salazar,"Marks, Stone and Watts",37,Salaried,99811.3,29279.81,0,618.0,7114684.92,48,190785.84,3,0.8776,1
APP00149,Kathy Rivas,"Davis, Stanley and Wright",49,Salaried,87302.54,32261.53,1,,3841547.97,36,153108.03,2,0.6336,1
APP00150,Stephanie Manning,Alvarado-Davidson,40,Salaried,124548.3,43372.39,0,700.0,4438006.24,36,249752.24,0,0.0887,0
APP00151,David Wright,Combs PLC,36,Self-Employed,57310.75,4237.23,0,824.0,2471869.39,48,78087.09,0,0.0005,0
APP00152,Pamela Boyd,"Brown, Schneider and Moore",28,Salaried,52336.95,5355.67,0,605.0,2260865.02,12,31314.6,3,0.2342,0
APP00153,Denise Jones,Christian-Booth,21,Self-Employed,331892.98,23671.69,0,850.0,13346809.07,36,296884.39,2,0.0001,0
APP00154,Devon Flores,Walton LLC,33,Salaried,77498.19,19941.56,0,589.0,3780124.06,84,137849.39,2,0.6498,1
APP00155,Brenda Hall,Rivera LLC,37,Salaried,49337.18,15655.01,1,,3213705.08,48,101190.22,2,0.5786,0
APP00156,Michelle Brown,Hunter PLC,56,Salaried,55332.93,6736.45,0,728.0,1665677.34,12,124201.96,0,0.019,0
APP00157,Joshua Perry,"Gray, Montoya and Miller",39,Salaried,45702.09,6347.01,1,,1883754.29,36,83322.18,1,0.0398,0
APP00158,Jason Stein,Solis-West,48,Self-Employed,132432.79,15659.33,0,685.0,1618148.58,24,88704.39,3,0.0457,0
APP00159,Melissa Gates,West-Wilson,33,Self-Employed,45717.14,3507.22,0,719.0,2907100.84,60,23881.94,1,0.0183,0
APP00160,Jamie Smith,Mcgee-Smith,26,Self-Employed,58762.12,25464.52,0,673.0,1783679.05,36,113019.62,0,0.2212,1
APP00161,Paul Castaneda,Gutierrez-Hawkins,28,Salaried,59062.7,9711.15,0,645.0,1670164.08,12,101553.86,2,0.0749,0
APP00162,Jennifer Adkins,Petersen PLC,31,Salaried,87905.88,22063.97,0,708.0,6316233.61,36,188862.27,2,0.1984,0
APP00163,Lindsey Walker,"Walsh, Wu and Hart",59,Salaried,51663.53,21358.37,0,669.0,2431470.38,24,37171.62,0,0.8541,1
APP00164,Jeffrey Johnson,"Powers, Clements and Cox",30,Salaried,38473.06,14723.25,0,759.0,745707.77,36,47244.52,0,0.0325,0
APP00165,Michael Powell,Velasquez Group,46,Self-Employed,80437.85,4838.46,0,730.0,2246749.7,36,218290.12,0,0.0029,0
APP00166,John Anderson,Castro-Harvey,29,Salaried,80728.65,13041.85,0,653.0,2679674.18,48,68938.6,1,0.0306,0
APP00167,Alyssa Long,Moran-Cox,47,Salaried,87832.05,19253.73,0,616.0,6250445.06,60,51131.9,0,0.492,1
APP00168,Alyssa Day,Wilson-Malone,42,Self-Employed,37309.28,13177.11,1,,1411682.4,24,65547.84,3,0.7418,0
APP00169,Joel Williams,Smith LLC,36,Self-Employed,98415.98,18816.84,0,645.0,2539923.61,24,176799.36,0,0.0297,0
APP00170,Daniel Murphy,"Brandt, Carter and Boyd",38,Salaried,49389.18,3673.28,0,658.0,2280982.81,24,136954.93,0,0.0226,0
APP00171,Jamie Walton,"Rodriguez, Prince and Vasquez",31,Salaried,50018.99,7760.57,0,758.0,1814968.04,24,127627.54,0,0.0034,0
APP00172,Darlene Miller,"Newton, Ortiz and King",42,Salaried,47294.35,609.6,0,641.0,723491.1,24,111533.26,0,0.0077,0
APP00173,Joshua Cooke,Lopez Group,33,Salaried,116555.65,26380.7,0,801.0,7419370.79,120,56633.14,0,0.0049,0
APP00174,Matthew Harrington,Bryant and Sons,26,Salaried,78625.3,20406.72,0,691.0,1017509.8,12,116383.49,2,0.036,0
APP00175,Nicole Herring,"Morgan, Sherman and Williams",25,Salaried,76542.73,13179.15,0,707.0,5044856.01,60,191689.46,1,0.0286,0
APP00176,Alex Hernandez,"Monroe, Chapman and Barton",40,Self-Employed,153827.17,47683.31,1,,9154489.22,36,205913.66,2,0.3087,1
APP00177,Michael Elliott,Ellis-Lawrence,54,Self-Employed,492419.61,41907.88,0,753.0,8149245.38,84,1369779.52,2,0.0023,0
APP00178,Michael Wang,"Taylor, Porter and Moreno",40,Salaried,32751.22,7881.69,1,,1814963.27,12,61401.24,1,0.2455,0
APP00179,Lawrence Adkins,Tran Group,37,Salaried,48919.45,6144.45,0,690.0,2849876.09,48,35469.38,0,0.0314,0
APP00180,Robert Oconnell,"Webb, Romero and Morse",41,Salaried,54185.79,6534.23,0,744.0,2608418.46,24,90287.98,0,0.0086,0
APP00181,Alexander Collins,Holt and Sons,51,Salaried,51568.86,5880.11,0,632.0,2406216.0,24,108881.99,0,0.147,0
APP00182,Tina Sanders,"Ochoa, Garcia and Sandoval",40,Salaried,43518.21,10412.6,1,,651955.93,24,25416.98,2,0.1105,0
APP00183,Angela Vaughn,"Andrade, Gordon and Cruz",34,Salaried,57433.94,11330.63,0,653.0,894234.01,24,70489.4,0,0.0253,0
APP00184,Ashley Barton,"Moon, Farmer and Hill",49,Salaried,43742.28,8054.47,0,713.0,2433703.44,36,91054.8,2,0.2898,0
APP00185,Lindsay Martinez,Waller-Chavez,42,Salaried,84094.31,22059.39,0,680.0,1541777.59,24,65223.2,2,0.1602,0
APP00186,Dr. Hannah Patterson,Taylor PLC,53,Salaried,77404.98,12077.65,0,775.0,2052056.11,84,97832.28,1,0.012,0
APP00187,Jonathan Peterson,"Tanner, Hunt and Cameron",40,Salaried,87755.52,14022.69,0,671.0,3679606.25,48,179637.7,0,0.0298,0
APP00188,Samantha Garcia,"Valencia, Joseph and Walls",26,Self-Employed,76688.64,27470.44,0,716.0,1675633.0,24,153534.09,1,0.0499,0
APP00189,Madison Poole,"Robinson, Clark and Klein",24,Salaried,75392.15,6041.34,0,716.0,4477567.94,84,129999.4,1,0.006,0
APP00190,Jessica Gross,"Reed, Chambers and Zavala",55,Salaried,63927.71,6320.75,0,634.0,3863962.14,60,175747.87,3,0.6499,1
APP00191,Debra Morton,"Hester, Thompson and Daniels",55,Self-Employed,303468.29,105814.51,1,,18975444.99,48,704910.16,1,0.4139,1
APP00192,Karen Graham,"Morris, Wilson and Bell",36,Salaried,74871.1,21255.69,0,688.0,1121126.45,24,108159.48,1,0.0622,0
APP00193,Debra Christian,Aguilar-Bender,34,Salaried,28427.62,3888.35,0,662.0,1070936.4,12,23853.27,2,0.1431,0
APP00194,Angelica Keith,"Butler, Adkins and Skinner",53,Self-Employed,34083.51,3936.48,0,735.0,2140957.79,36,78114.9,0,0.0564,0
APP00195,John Bishop,Rich-Henderson,27,Salaried,27392.92,3300.07,1,,925693.38,24,28519.23,0,0.0079,0
APP00196,Allen Rosales,Mills Inc,29,Salaried,62082.39,18417.22,0,681.0,3336880.47,60,137844.77,1,0.1947,0
APP00197,Daniel Salinas,Thomas-Santiago,44,Salaried,70029.38,10641.76,0,702.0,3316224.01,60,127337.32,0,0.0298,0
APP00198,Spencer Haynes,Adams and Sons,34,Salaried,53233.5,4923.62,0,643.0,1747789.64,12,75407.76,1,0.0337,0
APP00199,Adam Vaughan,Vega-Thomas,38,Salaried,170610.9,47754.61,0,698.0,4876791.32,24,277467.11,1,0.0436,0
APP00200,Nathan Freeman,Vaughn LLC,36,Salaried,86255.72,6538.9,0,660.0,4413237.94,48,152032.66,2,0.0554,0
APP00201,Melissa Brewer,Molina Inc,41,Salaried,99130.95,14404.44,0,667.0,1984348.68,36,258488.15,0,0.0129,0
APP00202,Ricky Davis II,Cervantes-Garcia,52,Salaried,49739.72,15754.81,0,613.0,3163811.96,36,43365.49,5,0.9947,1
APP00203,Elizabeth Perkins,"Stevenson, Hancock and Newton",39,Salaried,44555.47,9608.27,1,,2075688.05,48,112114.5,1,0.1127,0
APP00204,Joseph Coleman,"Price, Dixon and Robles",44,Salaried,75210.41,33234.03,0,590.0,1405698.41,24,33887.64,7,0.9977,1
APP00205,Erin Warner,"Roberts, Beck and House",21,Salaried,59453.02,9723.7,0,694.0,3223046.76,84,132274.85,0,0.0081,0
APP00206,David Martinez,Butler-French,38,Self-Employed,17111.32,2655.09,1,,647950.29,24,44181.48,1,0.0857,0
APP00207,Bryan Herrera,"Edwards, Arnold and Smith",30,Salaried,57559.99,7714.0,0,738.0,1395535.29,12,79755.94,2,0.0079,0
APP00208,Cathy Robinson,Harris-Melton,26,Salaried,59500.59,15261.82,0,553.0,4145058.71,48,35409.77,1,0.7479,1
APP00209,Dr. William Warren,Greer-Pruitt,29,Salaried,55915.67,10333.99,0,755.0,3085363.58,48,127463.88,1,0.0154,0
APP00210,Brian Lee,"Mckinney, Richardson and Chapman",35,Salaried,46151.43,11054.34,0,557.0,2195867.19,24,105914.02,3,0.9068,1
APP00211,Christopher Smith,"Morrison, Parsons and Brandt",47,Salaried,59322.94,5430.37,1,,3733313.12,48,75890.82,1,0.0666,0
APP00212,Denise Mccann,Cole-Lucero,25,Salaried,53839.93,14529.33,1,,2402994.02,36,83671.68,0,0.0328,0
APP00213,Melissa Martinez,Lopez and Sons,38,Salaried,71903.78,16912.92,0,830.0,2767449.52,48,160120.26,1,0.0054,0
APP00214,Katherine Salas,"Palmer, Bennett and Patterson",33,Self-Employed,90097.42,17557.88,0,791.0,2105289.49,84,79700.85,2,0.0048,0
APP00215,Julie Alexander,"Baker, Martin and Singleton",35,Self-Employed,128926.53,15542.61,0,744.0,2733684.08,36,251086.86,2,0.0038,0
APP00216,Anthony Everett,Rivera Ltd,48,Salaried,66243.04,22598.99,0,690.0,2511814.22,24,86622.72,2,0.606,1
APP00217,Rodney Morales,Williams LLC,43,Salaried,59575.35,15783.04,0,599.0,2344794.77,36,48378.1,0,0.452,0
APP00218,Mark Brown,"Williams, Randolph and Gilbert",51,Salaried,92086.83,19319.86,1,,5156747.57,48,212546.05,2,0.3042,0
APP00219,Justin Torres,"Turner, Tyler and Pierce",36,Salaried,88690.63,5200.03,0,708.0,3416815.43,120,112925.24,0,0.0028,0
APP00220,Bailey Duran DDS,Bowers LLC,31,Salaried,52023.99,10461.19,0,671.0,2475798.32,36,132709.12,0,0.0485,0
APP00221,Courtney Mills,"Robinson, White and Jones",36,Self-Employed,106510.04,21817.79,0,699.0,6598415.56,60,183777.4,2,0.1283,0
APP00222,Jeremy Dalton,"Moore, Daniels and Powell",40,Self-Employed,127547.83,15070.72,1,,9132435.34,120,214375.28,1,0.0395,0
APP00223,Elizabeth Oliver DDS,Walker-Lewis,40,Self-Employed,158691.53,20442.62,0,783.0,4975220.48,60,231355.93,0,0.0008,0
APP00224,Theresa Clark,Rivera-Carter,27,Salaried,133453.79,38520.02,0,576.0,8823600.1,36,171482.2,1,0.5664,1
APP00225,Matthew Moore,"Moreno, Barajas and Colon",39,Self-Employed,34624.05,5999.44,0,699.0,2090013.51,48,80481.26,2,0.2444,1
APP00226,Benjamin Smith,"Smith, Caldwell and Griffin",40,Salaried,71118.4,6237.29,0,669.0,1143612.42,24,149174.61,1,0.013,0
APP00227,Kirk Carter,"Austin, Oliver and Haley",63,Salaried,76009.77,12499.44,0,701.0,2436077.84,36,169811.68,0,0.0748,0
APP00228,Michael Warner,"Blackwell, James and Hogan",57,Salaried,72360.01,4798.68,0,728.0,1819317.19,84,108628.66,2,0.027,0
APP00229,Michael Bradshaw,Cruz PLC,29,Self-Employed,35547.42,5396.83,0,660.0,1843597.97,12,37894.38,0,0.0482,0
APP00230,Lori Guerrero,"Campbell, Pruitt and Short",35,Salaried,34105.23,16678.82,0,611.0,1545578.89,24,18478.29,5,0.997,1
APP00231,Jessica Stephens,Robertson-Hicks,23,Self-Employed,54951.85,10271.83,0,679.0,2291001.22,24,121632.59,2,0.0584,0
APP00232,Susan Serrano,Williams-Villanueva,32,Salaried,45344.74,10524.19,0,631.0,2621553.01,24,61654.77,3,0.6983,1
APP00233,Christopher Parker,Flores Inc,41,Self-Employed,69032.87,12612.74,0,664.0,2208949.66,48,111217.77,2,0.1507,1
APP00234,Laura Roberts,Jackson PLC,50,Salaried,52903.38,3991.75,0,729.0,1849774.14,36,85186.49,0,0.0086,0
APP00235,Michael Lyons,"Smith, Jones and Santiago",31,Salaried,38561.29,6913.98,0,677.0,2465533.06,48,55389.13,0,0.0723,0
APP00236,Kathryn Snyder,Hancock Group,31,Self-Employed,67747.92,11145.72,0,651.0,4764881.5,48,137391.28,5,0.7319,0
APP00237,Andrew Reynolds,Harris Ltd,21,Salaried,58865.07,19951.55,0,667.0,3448400.58,12,98846.1,1,0.2082,0
APP00238,David Davis,"Rowe, Lucas and Case",36,Salaried,87439.83,11204.16,0,679.0,2188116.94,36,239795.63,1,0.0147,0
APP00239,Sara Johnston,"Parks, Johnson and Love",27,Salaried,160316.43,48695.53,0,770.0,3007391.69,36,115200.78,2,0.0092,0
APP00240,Yvonne Chambers,Miller Inc,33,Salaried,73525.18,7878.83,0,759.0,1805212.89,36,134564.83,0,0.001,0
APP00241,Andrew Avila,Bauer PLC,29,Salaried,76626.94,17247.29,1,,2863217.73,48,44752.99,1,0.03,0
APP00242,Matthew Moon,Andrews and Sons,37,Salaried,41994.64,2942.71,0,748.0,1100336.04,48,102110.42,0,0.0019,0
APP00243,Kevin Walters,Russell-Hayes,21,Salaried,30821.88,7372.76,0,653.0,2036169.51,60,55377.54,0,0.1392,0
APP00244,Brandon Bailey MD,Hamilton-Smith,23,Self-Employed,155954.21,16753.73,1,,8147573.99,48,231836.18,1,0.0042,0
APP00245,Shannon Rivera,"Wilson, Smith and Cortez",59,Salaried,49909.98,2066.88,0,710.0,1846856.72,36,122464.53,1,0.0367,0
APP00246,Donna Landry,Avila PLC,25,Salaried,36445.84,3539.41,0,646.0,1036107.93,36,56782.4,1,0.0208,0
APP00247,Krista Gibson,Haynes Inc,27,Salaried,58904.43,13131.39,0,725.0,2052210.47,84,55974.46,1,0.018,0
APP00248,Frank Cordova,Reilly-Rodriguez,56,Salaried,72617.09,13433.0,0,677.0,2945569.72,36,110795.5,1,0.2216,0
APP00249,Jose Travis,"Turner, Miller and Hubbard",65,Salaried,50383.26,2336.3,0,722.0,2762480.98,48,33322.54,0,0.0503,0
APP00250,Kimberly Gutierrez,James-Short,26,Self-Employed,43417.49,9532.96,0,683.0,753749.1,24,106083.61,0,0.014,0
APP00251,Isaiah Avila,Wells PLC,34,Self-Employed,141278.37,24133.98,0,887.0,8890644.43,84,300726.04,1,0.0007,0
APP00252,Olivia Harris,Taylor Group,41,Salaried,49749.5,5014.5,1,,977756.78,60,113418.68,1,0.0131,0
APP00253,Tanya Kim,"Phillips, Walters and Evans",55,Salaried,40392.1,5097.98,0,592.0,1120759.88,60,101655.43,1,0.4422,0
APP00254,Barbara Dudley,"Wong, Bernard and Smith",28,Salaried,92883.47,17809.91,0,625.0,6651885.96,36,208176.97,0,0.1165,0
APP00255,Cynthia Moore,"Thomas, Williams and Armstrong",36,Salaried,84083.27,14020.38,0,771.0,1968601.12,24,121747.07,0,0.0017,0
APP00256,Kristen Davis,Medina-Arroyo,46,Salaried,57199.98,6629.22,0,813.0,1033519.62,36,42924.6,0,0.0009,0
APP00257,Susan Murray MD,Clark-Figueroa,42,Salaried,35488.0,4643.14,1,,1785199.79,36,47541.16,2,0.1386,0
APP00258,Kathleen Moran,"Cooper, Gutierrez and Brewer",34,Salaried,47011.81,4040.38,0,814.0,1673044.32,60,127560.77,0,0.0006,0
APP00259,Denise Davenport,"Thomas, White and Jensen",37,Salaried,66541.62,7917.45,0,777.0,1165152.1,24,179783.51,0,0.0009,0
APP00260,Mrs. Kristen Reyes,Lee-White,24,Salaried,97115.65,5108.91,0,716.0,1187194.67,48,228807.56,1,0.0006,0
APP00261,Katie Suarez,"Phelps, York and Randolph",36,Salaried,42258.78,2031.5,0,727.0,707821.66,36,41699.86,0,0.0014,0
APP00262,Desiree Tyler,"Murray, Dunn and Roberts",35,Salaried,64066.37,6632.82,0,730.0,2778182.76,24,59907.03,1,0.0089,0
APP00263,Timothy Romero,King and Sons,40,Salaried,95765.93,22463.13,0,767.0,2475891.86,24,228194.5,0,0.0057,0
APP00264,Diane Evans,"Carpenter, Lynn and Howard",32,Self-Employed,10999.58,1816.06,0,749.0,645159.69,36,8626.15,0,0.0408,0
APP00265,Yvonne Burns,"Rios, Garcia and Harvey",43,Salaried,116479.57,27023.59,0,660.0,7390689.13,36,201852.23,1,0.2755,0
APP00266,Joshua Reed,Stewart Group,48,Salaried,44419.75,7807.79,1,,919043.76,36,58570.9,1,0.0591,0
APP00267,Kimberly Gibson,Jensen-Torres,40,Salaried,82063.22,17505.96,1,,2644174.66,48,92006.36,1,0.0436,0
APP00268,Colin Terry,"Hernandez, Knight and Aguirre",42,Self-Employed,78142.8,8077.08,0,735.0,1624936.28,24,162544.35,1,0.0048,0
APP00269,Cynthia Rowe,Jackson-Edwards,39,Salaried,113796.75,11391.28,1,,3323042.87,24,313376.76,1,0.0071,0
APP00270,Patrick Thornton,Joseph Ltd,38,Self-Employed,92277.99,14649.44,0,759.0,2431734.04,120,207632.95,0,0.0024,0
APP00271,Jasmin Alvarado,Hill-Ward,31,Self-Employed,10888.22,2488.38,0,702.0,644712.21,36,16543.44,2,0.4647,1
APP00272,Veronica Simpson,"Quinn, Humphrey and Ford",41,Salaried,50226.7,4527.69,0,698.0,1643858.7,36,76825.88,3,0.0709,0
APP00273,Jonathan Lawrence,Hampton-Tucker,37,Salaried,72576.19,9250.66,0,770.0,3028886.48,60,188166.83,1,0.005,0
APP00274,Shelly Alexander,Thompson PLC,59,Salaried,69272.36,8014.13,0,776.0,3632206.53,60,126958.47,0,0.0151,0
APP00275,Joyce Bowen,Wilkinson and Sons,54,Self-Employed,96043.79,42187.94,1,,5890884.26,120,130532.43,5,0.9873,1
APP00276,Matthew Moore,"Gonzalez, Gross and Sims",42,Salaried,103170.69,19738.07,0,665.0,3102605.26,48,205925.12,1,0.0631,0
APP00277,Wayne Morgan,"Jones, Smith and Hunter",30,Self-Employed,86883.82,15635.03,0,746.0,2133279.39,36,86410.34,0,0.0022,0
APP00278,Marie Christian,Hess PLC,27,Salaried,54439.35,6272.11,0,729.0,3849253.83,48,33826.25,0,0.0085,0
APP00279,Shannon James,Hammond-Lewis,50,Salaried,32948.15,217.22,0,731.0,1028274.11,12,86623.45,0,0.0047,0
APP00280,Nathan Malone,Arnold PLC,41,Salaried,58249.23,16001.98,0,840.0,3044342.81,48,101408.7,2,0.0318,0
APP00281,Amanda Jones,"Kennedy, Rowe and Diaz",43,Salaried,88223.89,5652.84,0,648.0,4646793.11,48,77898.95,0,0.027,0
APP00282,Tammie Bright,Vance PLC,21,Salaried,33670.83,4617.97,0,772.0,1442517.9,36,39049.26,1,0.0032,0
APP00283,Jessica Garcia,"Vincent, Anderson and Mason",47,Salaried,100470.14,6210.89,0,674.0,2582770.43,84,289643.78,1,0.0149,0
APP00284,Shelia Wallace,Sanders PLC,43,Self-Employed,125596.86,36070.46,1,,2573158.8,36,224379.91,2,0.1124,0
APP00285,Stephanie Williams,Bates PLC,27,Self-Employed,59561.39,14728.4,0,867.0,2455178.29,12,109106.77,0,0.0008,0
APP00286,Elaine Brooks,"Martin, Palmer and Griffin",33,Salaried,16348.67,761.48,0,685.0,697365.24,36,10864.73,0,0.0157,0
APP00287,Joseph Knight,Knight PLC,41,Salaried,40227.78,3501.55,1,,2349382.75,12,112448.24,2,0.0898,0
APP00288,Carolyn Miller,"Brennan, Thomas and Dennis",39,Salaried,163225.91,28197.39,0,723.0,8910503.64,84,407409.18,0,0.0099,0
APP00289,Lisa Allen,Williams-Juarez,35,Self-Employed,41267.16,604.63,0,682.0,2753446.8,36,76581.97,1,0.0261,0
APP00290,Briana Murray,Brown LLC,37,Salaried,27926.61,576.58,1,,1961890.21,36,35196.64,1,0.034,0
APP00291,David Smith,Williams and Sons,35,Self-Employed,143640.91,17158.76,1,,7996644.79,60,303231.79,0,0.0074,0
APP00292,Stephanie Byrd,"Velez, Ward and Harrison",40,Salaried,71101.04,19180.18,0,734.0,1179614.19,24,158909.59,1,0.0297,0
APP00293,Jeremy Reed,Keith-Williams,53,Salaried,124338.8,13676.74,0,654.0,4514381.24,48,289674.24,0,0.0362,0
APP00294,Margaret Coleman,"Nguyen, Padilla and Boyd",21,Salaried,62300.2,17364.55,1,,3023312.82,24,157777.09,4,0.188,0
APP00295,Ryan Gonzalez,Davenport-Baker,36,Salaried,82816.36,15213.93,0,679.0,3926464.83,48,157348.47,2,0.113,0
APP00296,John Young,"Hudson, Bennett and Gray",40,Self-Employed,82838.11,10436.48,0,622.0,1895884.89,48,101143.62,1,0.056,0
APP00297,Laura Haney,"Valdez, Houston and Black",41,Salaried,97862.87,25652.0,0,787.0,4597272.99,36,148373.95,1,0.0223,0
APP00298,William Barrett,Kaufman-Walker,34,Salaried,183153.22,15501.92,0,631.0,6040545.31,48,445660.82,1,0.0137,0
APP00299,Keith Jennings,Gomez-Parrish,21,Self-Employed,98664.72,23158.03,1,,3190383.99,24,101311.72,1,0.0119,0
APP00300,Amber Obrien,Sparks-Eaton,41,Self-Employed,21502.08,6718.19,0,698.0,1333998.18,24,19567.58,2,0.7776,0
APP00301,Tanner Mitchell DDS,Shaw and Sons,55,Self-Employed,93985.43,11044.75,0,697.0,3507159.42,36,204534.24,0,0.0265,0
APP00302,Heather Fields,Martin-Jones,23,Salaried,94685.26,3446.8,0,638.0,4132420.48,84,149767.93,1,0.0072,0
APP00303,Megan Le,"Campbell, Hernandez and Moore",47,Salaried,129930.84,1459.25,0,871.0,5947242.52,36,328355.31,0,0.0001,0
APP00304,Sara Fuller,"Love, Wilson and Hall",35,Self-Employed,44881.24,4815.53,0,659.0,2054654.47,48,36493.59,1,0.0547,0
APP00305,Maria Parker,Cortez-Olson,37,Salaried,115199.98,14293.15,0,720.0,2855495.38,24,144709.57,0,0.0026,0
APP00306,Kevin Oconnor,Mendoza-Garza,27,Salaried,91012.33,14140.19,0,684.0,4365606.66,60,98233.38,2,0.0397,0
APP00307,Edward Burgess,"Whitaker, Johnson and Williams",35,Self-Employed,366282.75,67837.76,0,750.0,11749404.28,36,746047.33,1,0.0022,0
APP00308,Carlos Ryan,"Vargas, Taylor and Hunt",51,Salaried,53962.33,8084.86,0,740.0,2768333.03,48,119724.04,1,0.0601,0
APP00309,Kiara Mcintyre,"Thomas, Jackson and Nielsen",44,Salaried,58873.85,5446.6,0,672.0,1221152.82,60,92087.27,1,0.0233,0
APP00310,Dawn Summers,"Mullen, Greene and Elliott",55,Self-Employed,55489.48,3959.98,1,,3975651.0,36,90702.51,1,0.1291,1
APP00311,Dr. Paul Morgan,Johns Ltd,50,Salaried,60654.08,3260.32,0,728.0,3537503.65,120,48994.56,0,0.0133,0
APP00312,Victor Taylor,"Nicholson, Valentine and Robinson",42,Salaried,48456.21,9505.95,0,766.0,1794579.92,24,98532.01,0,0.0115,0
APP00313,Shannon Ramsey,"Haney, Dillon and Jackson",55,Salaried,21814.68,5569.1,0,627.0,656209.68,24,56724.88,1,0.7793,1
APP00314,Tracy Ballard,Burke-Norton,42,Salaried,59474.94,4301.23,0,845.0,2097569.53,48,140146.78,1,0.0008,0
APP00315,Richard Smith,Hanson PLC,46,Salaried,89299.69,21077.05,0,654.0,4935816.92,36,83312.05,1,0.3591,0
APP00316,Jordan Chambers,Jackson-Jennings,35,Self-Employed,42836.39,5248.11,0,701.0,2198555.14,36,82749.22,2,0.07,0
APP00317,Lauren Carson,Carlson-Jones,39,Self-Employed,246116.93,50344.74,0,620.0,13321214.19,24,273395.03,2,0.2523,1
APP00318,Ashley Hall,Cruz-Rodriguez,31,Salaried,63631.86,18891.2,0,613.0,4157702.47,60,31181.02,1,0.6275,1
APP00319,Stephen Hoffman,Mills PLC,48,Salaried,135199.3,22162.87,0,658.0,5323839.34,48,117857.01,1,0.0872,0
APP00320,Connie Brown,"Barnes, Hernandez and Davis",26,Self-Employed,64543.41,4123.91,0,667.0,3367311.38,60,47266.21,1,0.0137,0
APP00321,Susan Turner,Valenzuela-Greene,46,Salaried,109691.32,5927.56,0,717.0,4222071.12,48,105642.27,0,0.0037,0
APP00322,Charles Shah,"Gordon, Wilson and Olson",36,Salaried,76396.18,12641.23,0,651.0,3841649.63,120,174418.86,1,0.1014,0
APP00323,Johnathan Davis,Winters PLC,50,Salaried,140013.66,11556.3,0,779.0,5669071.7,36,165388.93,0,0.0017,0
APP00324,Brandy Chavez,Prince Ltd,46,Salaried,77552.85,21804.68,0,646.0,4544582.8,60,159468.0,1,0.5798,0
APP00325,Natalie Bautista,"Reynolds, Fisher and Golden",56,Salaried,94541.72,10494.94,0,680.0,1164338.73,24,256467.05,0,0.0156,0
APP00326,Patrick Moore,"Moreno, Perez and Lang",45,Salaried,88205.36,15841.46,0,669.0,2200076.01,24,155405.58,2,0.1167,0
APP00327,Brett Burns,Bell-Ballard,22,Salaried,49032.99,9551.87,0,765.0,1460509.27,12,75835.45,1,0.0039,0
APP00328,Trevor Johnson,"Johnston, Coleman and Scott",37,Salaried,81833.49,30067.95,0,678.0,5623897.99,60,158670.1,2,0.7492,1
APP00329,Jeremy Sampson,Kent Inc,26,Salaried,161600.57,16871.42,0,728.0,6855544.15,36,113759.42,0,0.001,0
APP00330,Ariana Jennings,George-Stephens,33,Salaried,57464.59,10143.27,1,,1945815.1,48,82284.73,3,0.0908,0
APP00331,Vanessa Howard,Lopez-Fletcher,53,Salaried,91336.1,18316.96,0,651.0,3311730.74,120,143569.36,0,0.1406,0
APP00332,Colton Martinez,Lane Inc,44,Salaried,130285.44,17810.06,1,,5095377.13,48,312873.57,1,0.0212,0
APP00333,Jordan Bates,"Smith, Pena and Watts",31,Salaried,105658.17,12321.42,1,,6769500.51,24,252280.22,0,0.009,0
APP00334,Linda Smith,Ortiz-Rodriguez,28,Salaried,61096.28,4621.14,0,770.0,4260863.54,36,154057.54,0,0.0021,0
APP00335,Dana Martinez,Pearson-King,38,Salaried,23616.46,5562.33,0,663.0,1479568.22,12,46768.61,0,0.3509,0
APP00336,Andrea Hubbard,"Henderson, Diaz and Hill",26,Salaried,74602.21,18302.84,0,649.0,4662593.72,60,119538.63,2,0.3103,0
APP00337,Daniel Kane,"Sanders, Harris and Arnold",31,Self-Employed,12160.01,2654.05,0,668.0,291121.74,36,27837.51,0,0.0969,1
APP00338,Charles Lester,"Olson, Wood and Peters",41,Salaried,138541.4,47856.44,0,630.0,3895878.99,48,307530.77,1,0.3831,0
APP00339,Scott Thomas,Hinton-Lane,50,Self-Employed,77409.42,15365.34,0,733.0,3697302.2,36,118619.94,1,0.0716,0
APP00340,David Thompson,"Sanders, Taylor and Shields",44,Self-Employed,135393.97,10495.35,0,661.0,6954950.65,60,385773.77,4,0.2173,1
APP00341,Allison Smith,Adkins Group,21,Salaried,36648.89,5391.09,1,,885522.32,24,91234.19,0,0.0025,0
APP00342,Cynthia Morris,"Avery, Garcia and Romero",41,Salaried,35554.58,2065.19,0,816.0,2018679.49,48,61317.07,0,0.0018,0
APP00343,Anthony Harmon,Owen-Mendez,39,Self-Employed,76215.74,8622.67,1,,1829011.04,60,48407.41,1,0.01,0
APP00344,Nichole Alvarez,"Mann, Martin and Oconnell",42,Salaried,71239.56,22042.62,0,729.0,1979080.53,24,63905.42,1,0.0904,0
APP00345,Kayla Rodriguez,Brock and Sons,54,Salaried,60618.1,13631.62,0,691.0,1843258.99,24,131331.2,0,0.1087,0
APP00346,Theresa Williams,Frost-Graham,21,Salaried,57135.79,4462.63,0,759.0,3585812.92,84,42709.4,1,0.002,0
APP00347,Sharon Boyd,Baker LLC,32,Salaried,222605.34,85927.76,0,641.0,12449211.12,60,300809.66,2,0.5884,1
APP00348,Victor Brown,Lynch Ltd,44,Salaried,107690.75,6937.47,0,838.0,4721283.76,84,209708.3,0,0.0004,0
APP00349,James Parks,Arias-Morales,22,Self-Employed,105801.07,18499.62,0,733.0,6473434.07,84,260289.36,1,0.0089,1
APP00350,Theodore Jones Jr.,"Meyer, Dawson and Harper",53,Self-Employed,124117.98,32589.05,1,,7543356.44,60,282258.58,1,0.2979,1
APP00351,Ana Hill,Bowman Group,42,Salaried,140741.91,37878.97,0,687.0,4980854.33,60,293628.48,2,0.1653,0
APP00352,Kimberly Nguyen,Harris Ltd,46,Self-Employed,60185.21,4155.02,0,814.0,3544080.29,84,88279.28,2,0.0086,0
APP00353,Kerry Chavez DDS,"Mitchell, Johnson and Greene",32,Salaried,25416.83,2116.37,1,,619524.29,36,20841.82,1,0.0114,0
APP00354,Michael Farrell,"Hale, Gilbert and Craig",46,Self-Employed,60247.82,6712.16,0,814.0,2542080.45,48,123689.67,2,0.0078,0
APP00355,Patricia Le,Allen-Smith,49,Salaried,108969.5,13477.12,1,,2080718.45,36,97448.73,0,0.0074,0
APP00356,Jesse Perez,Miller LLC,40,Self-Employed,32587.26,8424.97,0,612.0,1225530.93,48,54005.32,1,0.5957,0
APP00357,Jesse Perry,Gomez-Foster,40,Self-Employed,56788.03,5780.31,1,,2454489.16,24,159090.11,1,0.0246,0
APP00358,Jeffery Ortega,"Gonzalez, Smith and Padilla",41,Salaried,52373.52,7578.26,0,584.0,879618.53,12,91133.35,3,0.4544,0
APP00359,Christian Leblanc,Dunn Ltd,29,Salaried,121094.96,10267.99,0,762.0,4814343.97,48,245128.97,1,0.0012,0
APP00360,Ronald Davis,"Herman, Bailey and Richmond",37,Self-Employed,104768.62,20944.11,0,628.0,5353700.83,48,206880.88,2,0.3058,1
APP00361,Parker Cain,Perez-Mccarty,36,Salaried,90329.79,12511.4,0,709.0,4412185.17,60,216572.4,2,0.0393,0
APP00362,Laurie Hoffman,Spears-Andrews,42,Salaried,95668.63,13722.95,0,797.0,1460021.27,12,140977.06,0,0.0008,0
APP00363,Bryan Gomez,Thompson-Hunter,48,Self-Employed,66980.55,22068.95,0,645.0,1186920.85,36,97557.35,1,0.4531,1
APP00364,Nicole Parrish,"Jones, Phillips and Arroyo",27,Salaried,65523.65,2098.21,0,714.0,2167612.56,36,60601.57,1,0.002,0
APP00365,Tracy Burke,"Frye, Walter and Li",37,Salaried,40009.28,3054.24,0,645.0,2503026.49,24,78376.61,1,0.1097,0
APP00366,Kenneth Lewis,"Wright, Ramos and Bennett",53,Salaried,28272.46,5282.17,0,699.0,1814677.82,12,31767.39,0,0.2743,0
APP00367,Courtney Rodriguez,Carrillo-Todd,31,Salaried,67669.23,6800.55,0,874.0,2069106.76,36,113695.77,1,0.0002,0
APP00368,Holly Farmer,Maldonado-Mosley,30,Self-Employed,71196.87,9594.1,0,776.0,3925334.34,84,160448.06,0,0.0023,0
APP00369,Renee Bruce,Olson LLC,40,Salaried,121785.46,25033.48,0,703.0,5680492.18,48,59433.96,0,0.0243,0
APP00370,Sabrina Austin,Reyes and Sons,46,Salaried,153375.33,37882.15,1,,10890466.54,36,256741.03,0,0.1158,0
APP00371,Allison Hickman,"Haynes, Mcbride and Gutierrez",38,Salaried,139905.62,18406.67,0,713.0,2473340.41,24,122025.29,1,0.0045,0
APP00372,Debra White,Black-Smith,51,Self-Employed,34187.5,7674.84,0,694.0,1534090.59,12,36373.31,2,0.499,1
APP00373,Ellen Morgan,Wright-Davis,47,Salaried,64538.87,6849.01,0,694.0,3068968.97,12,35860.88,1,0.0494,0
APP00374,Sergio Knight,"Goodman, Peterson and Spencer",46,Self-Employed,96227.07,14852.99,0,729.0,2931087.64,120,82021.27,2,0.0332,0
APP00375,Charles Schultz,Woods LLC,44,Self-Employed,395737.18,67080.55,0,607.0,5863714.84,24,1074483.71,4,0.2114,0
APP00376,Paul Lewis,Shannon LLC,61,Self-Employed,193745.64,38023.5,0,633.0,2930649.32,24,523556.37,2,0.2848,1
APP00377,Glen Wood,Valentine Ltd,36,Self-Employed,134094.11,20487.0,0,749.0,5258779.85,84,284809.32,0,0.0026,0
APP00378,Paula Bradley,Porter and Sons,21,Self-Employed,38113.61,949.37,0,676.0,2040923.88,48,76393.54,0,0.0032,0
APP00379,Anthony Moore,Moss LLC,54,Self-Employed,37048.84,8334.5,1,,2001028.02,36,80313.86,1,0.4038,1
APP00380,Megan Nelson,Perez and Sons,33,Salaried,92559.92,37672.99,0,658.0,2115752.23,48,202104.33,2,0.494,0
APP00381,Karla Ramos,"Kelly, Maxwell and Wilson",39,Self-Employed,29387.72,7147.3,0,604.0,1865483.57,60,46420.49,0,0.6432,0
APP00382,Paul Wilson,Lowe Ltd,51,Salaried,67930.87,4876.25,0,731.0,2352428.72,12,38523.49,1,0.0134,0
APP00383,Douglas Gregory,Austin-Duran,22,Salaried,53014.83,15353.21,0,590.0,3703726.11,36,103075.98,1,0.634,1
APP00384,Mr. Andrew Foster,"Rubio, Charles and Watson",25,Self-Employed,161633.33,36758.37,0,757.0,3085512.07,60,424248.05,0,0.0011,0
APP00385,Aimee Turner,Vasquez-Galloway,22,Self-Employed,39591.86,10544.65,0,680.0,2462110.07,60,39300.41,1,0.1673,1
APP00386,Chad Scott,"Melton, Henry and Joyce",30,Self-Employed,10290.09,1234.58,0,828.0,684293.7,120,16043.92,1,0.011,0
APP00387,Adam Burgess,"Ramirez, Walker and Ray",42,Salaried,90755.58,29144.59,0,676.0,5568810.54,48,106899.32,6,0.9655,1
APP00388,James Padilla,Fox Group,43,Salaried,53407.56,10073.24,0,598.0,3232784.58,84,71403.67,4,0.9213,1
APP00389,Sandra Drake,Ayers-Johnson,41,Salaried,72884.89,16133.16,0,536.0,2454661.28,36,149308.99,4,0.9391,1
APP00390,Scott Williams,Long-Parks,24,Salaried,55275.68,4670.78,0,677.0,3029139.46,48,76552.24,1,0.0151,0
APP00391,Thomas Atkins,Bryant Inc,21,Salaried,48626.39,6572.89,0,641.0,2273808.6,60,129341.73,1,0.0251,0
APP00392,Laura Mckinney,"Holmes, Stewart and Smith",39,Salaried,99683.82,32287.72,0,796.0,3735027.81,36,206690.06,1,0.0232,0
APP00393,Brian Smith,"Clark, Carpenter and Nguyen",33,Salaried,32559.15,10282.07,0,687.0,2330802.15,24,15604.13,1,0.5512,1
APP00394,Robert Montgomery,"Hensley, Lopez and Baker",43,Self-Employed,46306.95,9616.98,0,730.0,1362687.63,24,105670.52,3,0.1501,0
APP00395,Tamara Davis,Ruiz-Austin,45,Salaried,101761.82,17581.53,0,707.0,3743678.95,84,226118.94,0,0.0181,0
APP00396,Dana Chapman,White-Coleman,39,Self-Employed,41313.14,63.5,0,724.0,2733759.02,12,73944.64,1,0.0128,0
APP00397,Jennifer Collins,Haynes-Watson,46,Salaried,36665.05,3458.54,0,719.0,1075770.69,48,60859.64,1,0.0212,0
APP00398,Gary Jackson,Ramirez-White,40,Salaried,95482.39,13865.48,0,750.0,2020490.25,36,229238.86,3,0.0177,0
APP00399,Ashley Hicks,Krause Ltd,43,Salaried,121256.08,13332.72,0,737.0,3710434.37,48,178984.94,1,0.0055,0
APP00400,Hannah Luna,Olsen Ltd,31,Salaried,61982.2,8069.4,0,667.0,3567615.03,48,52074.86,0,0.0274,0
APP00401,Robin Young,Brock-Peters,36,Self-Employed,15523.76,1851.36,0,829.0,987175.33,60,18718.35,0,0.0054,0
APP00402,Craig Morrison,Gonzalez-Marsh,40,Salaried,97103.58,4019.25,0,711.0,1832024.12,12,110594.85,1,0.0026,0
APP00403,Mary Thompson,"Hernandez, Shaffer and Thompson",46,Salaried,35831.86,12323.65,0,641.0,1766609.5,24,65352.63,2,0.9075,1
APP00404,Kathleen Webster,Taylor-Barry,34,Self-Employed,74167.7,11701.31,1,,3414474.09,24,64708.76,0,0.0136,0
APP00405,Joann Glass,"Holmes, Le and Floyd",43,Self-Employed,35729.52,4059.6,0,741.0,1862503.73,60,71171.49,2,0.0618,1
APP00406,Madison Weber,King-Garrison,35,Salaried,39489.15,5746.75,0,719.0,2063836.37,60,60962.23,1,0.0379,0
APP00407,Lori Hernandez,Ross Ltd,37,Salaried,55901.16,6996.46,0,707.0,3888934.31,36,136203.18,2,0.1054,0
APP00408,Jeremy Turner,Brown LLC,46,Salaried,69637.49,4563.25,0,701.0,2283535.21,24,115346.7,1,0.0147,0
APP00409,Anthony Romero,Combs-Davis,21,Salaried,41158.87,2483.75,0,706.0,1234190.53,24,112745.94,0,0.0011,0
APP00410,Jesse Brown,"Cook, Ward and Castro",25,Salaried,75983.68,4969.95,0,718.0,3561622.29,48,202207.64,0,0.0016,0
APP00411,Angela Lin,Cooper-Jenkins,23,Salaried,46347.19,5815.33,0,759.0,1750306.79,48,41841.78,0,0.0014,0
APP00412,Lisa Hunter,Dillon-Mccarty,21,Self-Employed,99301.1,16281.35,0,734.0,4014272.29,60,201958.25,2,0.0044,0
APP00413,Julian Conner,Ray Ltd,31,Salaried,71781.23,11379.96,0,712.0,1159742.06,24,68507.67,0,0.0033,0
APP00414,Joanna Pacheco,"Ryan, Krause and Mitchell",45,Salaried,54648.25,6462.44,0,774.0,1141849.48,36,131538.17,1,0.0048,0
APP00415,Erica Alvarez,Nunez-Freeman,35,Salaried,45072.87,4611.76,0,730.0,3070476.67,36,89353.42,0,0.0141,0
APP00416,Antonio Garcia,"Griffin, Miller and Austin",40,Self-Employed,20277.95,2330.25,0,658.0,326424.11,12,23609.97,3,0.2116,1
APP00417,Gwendolyn Klein,Welch-Thomas,49,Salaried,86195.4,11247.5,0,712.0,4086415.07,36,90466.59,2,0.0807,0
APP00418,Carrie Wright,Davidson LLC,51,Self-Employed,53638.41,5637.47,0,638.0,3072113.32,36,79987.34,1,0.2782,1
APP00419,Jeffrey Mills,Welch-Duncan,37,Self-Employed,11782.29,1564.91,0,684.0,149774.25,36,27519.46,4,0.3124,1
APP00420,Jake Campbell,Miller LLC,52,Salaried,59425.01,14558.38,0,606.0,1507308.84,12,129864.17,1,0.5558,1
APP00421,George Harper,Edwards Ltd,39,Salaried,46566.66,8254.15,0,617.0,1612338.92,24,24760.97,3,0.5327,1
APP00422,Maria Jones,Page-Jacobs,30,Salaried,126851.96,26291.07,0,553.0,5379670.79,48,142783.21,3,0.6248,1
APP00423,Michael Mitchell,Nelson-Wallace,32,Salaried,29779.01,3083.75,0,724.0,967690.41,36,43968.82,0,0.0054,0
APP00424,Mary Escobar,Adkins-Meyer,23,Self-Employed,18777.07,3914.15,0,800.0,956502.92,12,33033.71,1,0.0117,0
APP00425,Felicia Aguilar,Gutierrez-White,29,Salaried,101509.08,28442.2,0,671.0,2596993.07,36,76273.76,2,0.1042,0
APP00426,Gregory Ponce,Martinez and Sons,34,Self-Employed,154455.09,58133.18,0,717.0,2089619.29,12,167795.84,1,0.0471,0
APP00427,Jenna Larson,"King, Manning and Brady",46,Salaried,54084.34,10031.7,0,833.0,654110.18,24,133171.51,2,0.0049,0
APP00428,Emily Bennett,Jackson Inc,55,Salaried,56903.01,5920.22,0,759.0,1862476.63,12,91237.34,0,0.0084,0
APP00429,Robin Santiago,Brown Group,24,Salaried,75842.29,15555.98,0,643.0,2555867.44,36,160656.11,2,0.0896,0
APP00430,Nancy Jennings,"Brown, Wise and Warren",42,Salaried,25380.34,4493.3,0,671.0,1749117.93,36,39603.64,1,0.4048,1
APP00431,Maria Henderson,Garcia PLC,28,Salaried,26301.9,10695.13,0,674.0,386291.94,12,34835.68,1,0.342,1
APP00432,Jack White,Miller Group,43,Salaried,64468.85,13867.72,0,650.0,2823987.11,48,118223.68,2,0.3896,0
APP00433,Travis Tucker,Perez-Rojas,37,Salaried,136988.27,11369.97,0,704.0,6393078.13,60,150790.18,0,0.0038,0
APP00434,Chad Jones,Sims-Anderson,21,Self-Employed,36855.76,12032.67,1,,1988607.9,36,34679.1,0,0.0827,0
APP00435,Ashley Wise,Johnson Ltd,47,Salaried,79139.21,18787.33,0,761.0,3982607.7,60,207380.34,1,0.0593,0
APP00436,Sophia Johnson,Dalton-Nguyen,32,Self-Employed,128817.49,748.44,0,650.0,1608720.41,24,343262.07,0,0.001,0
APP00437,Ralph Anderson,Mcdonald-Pitts,33,Salaried,167493.7,36332.31,0,653.0,8359855.3,84,350081.6,1,0.0719,0
APP00438,Christopher Guerra,Dunn-Taylor,27,Salaried,46243.88,9875.0,0,675.0,1449434.62,36,34815.55,1,0.0488,0
APP00439,Rhonda Martin,"Ryan, Garza and Bryant",31,Salaried,62772.6,25644.55,1,,3664170.59,84,28749.5,3,0.7711,1
APP00440,Jason Rhodes,"Fields, Elliott and Mills",42,Salaried,164201.56,12065.0,0,808.0,3826212.15,48,148446.61,0,0.0002,0
APP00441,Jeremy Mitchell,"Ferguson, Stout and Olson",36,Salaried,33963.43,5117.7,0,860.0,1867049.19,36,89324.91,2,0.006,0
APP00442,Joann Ferguson,Ballard Group,41,Salaried,113534.75,13366.54,0,704.0,5623344.23,36,271480.16,0,0.0107,0
APP00443,Robert Harrison,Diaz-Green,42,Self-Employed,32234.55,1815.19,0,717.0,1648392.69,24,56629.42,0,0.0127,1
APP00444,Holly Valentine,Smith-Mills,51,Salaried,79193.92,10251.73,0,736.0,1786366.18,12,216423.25,2,0.0275,0
APP00445,Mrs. Diane Reyes,Cooper Group,35,Salaried,59666.75,15504.54,0,655.0,3111647.46,24,44981.58,1,0.2809,0
APP00446,Tracy Montoya,"Smith, Weeks and Arroyo",23,Salaried,36810.63,6293.86,0,686.0,2069446.15,48,63889.54,2,0.0942,0
APP00447,Brenda Wright,Evans-Cannon,49,Salaried,48588.7,17990.27,1,,2009853.01,60,37932.83,3,0.841,1
APP00448,Shelly Spencer,Harper-Robles,35,Salaried,75364.78,3424.77,0,571.0,2443472.33,12,93249.2,1,0.0619,0
APP00449,Ryan Rosales,"Brooks, Jenkins and Castro",49,Salaried,118365.77,35539.38,0,682.0,2603252.92,48,286732.8,2,0.2903,0
APP00450,Phillip Nelson,Wright-Espinoza,42,Salaried,68223.46,23873.88,0,657.0,2005608.27,48,150324.22,2,0.6057,0
APP00451,Brittany Kim,"Price, Gray and Baker",37,Salaried,70386.08,8173.2,0,794.0,4070405.89,120,50022.76,1,0.0047,0
APP00452,Courtney Hayes,Garrett-Black,41,Self-Employed,96951.33,31946.73,0,626.0,3544932.7,60,91007.86,5,0.9419,0
APP00453,Alexander Brown,"Aguirre, Cohen and Mitchell",58,Salaried,48840.43,6921.32,1,,2645334.21,24,90136.41,0,0.1121,0
APP00454,Cynthia Vang,"Patel, Adams and Lopez",59,Self-Employed,115383.51,25439.19,0,686.0,6508262.49,36,67078.75,1,0.3362,1
APP00455,Alfred Galvan,White LLC,39,Salaried,100993.33,29019.71,0,551.0,5297121.74,60,162174.82,2,0.8891,1
APP00456,Marie Moody,Walsh PLC,40,Salaried,228086.23,48472.1,1,,11954524.9,36,399796.79,0,0.0185,0
APP00457,Dustin Gallegos,Nelson-Dean,49,Self-Employed,52836.58,3397.02,1,,2570420.08,84,62767.79,0,0.0192,0
APP00458,Brenda Thornton,Flores and Sons,30,Salaried,50796.58,5844.46,0,718.0,2189602.76,84,59019.85,0,0.0052,0
APP00459,Aaron Miller,Booker Inc,41,Self-Employed,111348.33,17765.07,0,751.0,2657773.38,84,109914.87,2,0.0109,0
APP00460,Ruben Dunn,Compton LLC,38,Salaried,99789.77,30819.66,0,586.0,6243666.36,48,239570.75,0,0.6342,1
APP00461,Kelsey Rodriguez,Martinez-Gonzales,41,Salaried,56199.52,4233.93,1,,3925865.32,84,79619.14,1,0.0475,0
APP00462,Eric Williams,Hall and Sons,30,Self-Employed,42795.88,12000.42,0,649.0,1711366.23,36,72236.25,2,0.4054,1
APP00463,Riley Bryant,Snyder LLC,22,Salaried,71216.94,28923.08,0,686.0,4842347.61,24,71167.66,4,0.8486,1
APP00464,Taylor Carlson,Collins-Lloyd,21,Salaried,37898.83,5884.29,0,767.0,2724155.58,24,78885.36,0,0.0044,0
APP00465,Jose Allen,Ford-Moody,27,Salaried,49837.64,749.76,0,786.0,2051903.23,24,37275.29,0,0.0003,0
APP00466,Jeffrey Mendez,Miller-Christensen,33,Salaried,67570.02,21123.64,0,766.0,3747522.57,48,38714.49,2,0.1208,0
APP00467,Jason Beck,Brown Group,35,Self-Employed,121486.17,14950.78,0,709.0,6150531.48,120,269146.32,0,0.0063,0
APP00468,William Jones,Daniels and Sons,57,Salaried,57611.23,6771.05,0,812.0,1511481.87,48,125623.06,0,0.0031,0
APP00469,Katie Mcneil,Huang LLC,49,Salaried,33006.81,12580.08,0,585.0,489338.06,12,31058.34,3,0.9747,1
APP00470,Jeanette Harrison,Clayton-Martinez,28,Self-Employed,14443.58,935.68,0,675.0,566207.43,24,19392.97,0,0.0165,0
APP00471,Veronica King,"Wright, Wise and Ramos",41,Salaried,40567.27,1353.66,0,760.0,2402892.67,24,115409.08,2,0.0165,0
APP00472,Richard Cooper,"Vang, Gonzalez and Moss",34,Self-Employed,23830.15,3201.5,0,625.0,750842.42,12,16912.7,1,0.1398,0
APP00473,Lori Ingram,Boyd and Sons,35,Salaried,62077.2,28720.14,0,655.0,3666671.71,24,45706.69,4,0.979,1
APP00474,Evelyn Williams,Price-Ali,40,Salaried,41392.34,3842.37,0,742.0,2122934.5,48,62170.86,0,0.0084,0
APP00475,Robin Thompson,Moore-Chandler,44,Self-Employed,41119.75,9394.79,1,,2209466.2,48,43897.95,2,0.3765,1
APP00476,Julie Dominguez,"Pineda, Meyer and King",35,Salaried,46974.97,7202.66,0,723.0,1369059.81,48,92061.48,0,0.0072,0
APP00477,Robin Brown,"Evans, Ward and Williams",49,Salaried,62026.29,12424.23,0,693.0,2493633.33,60,124270.5,2,0.237,0
APP00478,Judith Carter,"Robinson, Rodriguez and Chen",27,Salaried,108705.0,13819.34,0,731.0,2489586.79,24,184857.29,2,0.0037,0
APP00479,Curtis Williams,Smith-Bauer,38,Self-Employed,99735.52,10800.72,0,679.0,2672396.49,48,191311.07,1,0.0125,0
APP00480,Kaylee Hays,"Wilson, Mccormick and Smith",64,Self-Employed,69530.63,14726.0,1,,1209207.31,12,98445.67,4,0.5986,0
APP00481,Dawn Mullins,Perkins Ltd,40,Salaried,57433.63,5055.05,0,765.0,1126067.04,24,131827.82,0,0.0013,0
APP00482,Howard Norman,Barker-Moore,52,Salaried,62229.69,17923.87,1,,1532767.6,24,32240.11,0,0.1276,0
APP00483,Evelyn Martinez,Wright Group,39,Self-Employed,79874.96,6989.6,0,712.0,3739270.67,24,97936.81,0,0.0065,0
APP00484,Steve Paul,Parks LLC,44,Salaried,96216.73,41916.77,0,635.0,3701714.34,36,166401.85,3,0.9415,1
APP00485,Jasmine Beltran,"Brown, Kelly and Moore",37,Salaried,45332.16,10047.44,0,797.0,1270042.57,12,53372.92,1,0.0087,0
APP00486,Jonathan Glass MD,"Moody, Martinez and Hall",36,Salaried,68490.18,20604.59,0,663.0,4360546.91,36,40518.45,1,0.4522,0
APP00487,Monica Miller,"Kramer, Sherman and Trujillo",30,Salaried,25021.54,4886.17,0,647.0,1088658.69,60,30763.9,3,0.4849,1
APP00488,Samantha Gardner,Quinn-Smith,42,Self-Employed,76253.2,11018.29,0,611.0,5138441.16,48,161207.08,1,0.3676,1
APP00489,Bobby Guerrero,Howard-Taylor,29,Self-Employed,95474.21,11686.29,0,729.0,4783057.22,60,72149.62,0,0.0033,0
APP00490,Lance Simmons,Washington Group,45,Self-Employed,55894.15,12069.29,0,727.0,723675.82,120,115254.15,2,0.0549,0
APP00491,Heather Williams,"Phillips, Terry and Lopez",49,Salaried,171267.06,26444.38,1,,11442102.16,60,385414.42,1,0.0727,0
APP00492,Heather Bolton,Stephens LLC,42,Salaried,48648.09,15015.35,0,665.0,3086614.3,36,85911.55,3,0.8729,1
APP00493,William Gould,"Mcdonald, Dillon and George",35,Salaried,73391.03,21173.56,0,764.0,3678084.96,120,69749.47,0,0.0233,0
APP00494,Mark Cox,"Martin, Schmidt and Cole",43,Salaried,71980.19,19881.17,0,737.0,3173348.57,24,155920.32,1,0.0923,0
APP00495,Meghan Cisneros,Weaver-Gibson,35,Salaried,63613.11,17924.21,0,745.0,2492079.52,24,56624.25,2,0.0883,0
APP00496,Lawrence Harrington,"Hunter, Gross and Andrade",47,Salaried,71832.85,17389.52,1,,2940153.94,36,174548.57,0,0.0823,0
APP00497,Austin Osborne,"Vincent, Parsons and Allen",21,Salaried,57715.77,8638.53,0,777.0,3356358.94,36,121029.28,3,0.0132,0
APP00498,James Bradley,"Brown, Coffey and Fuentes",35,Salaried,97469.06,10669.46,0,693.0,4170554.44,84,58671.12,2,0.0256,0
APP00499,Meghan Rush,Warren Group,21,Self-Employed,131162.68,16005.5,0,637.0,2959224.39,12,307680.33,1,0.0053,0
APP00500,Phillip Berry,"Moore, Campbell and Ortiz",23,Salaried,56592.66,13685.6,0,694.0,876657.39,36,87862.44,4,0.1169,0
APP00501,Jennifer Banks,Rodriguez-Mills,52,Salaried,109145.2,8263.2,0,785.0,2136100.07,48,171342.53,0,0.0009,0
APP00502,Brian Fitzgerald,Williams and Sons,47,Self-Employed,42066.0,10299.53,0,807.0,1139419.37,84,57267.35,0,0.01,0
APP00503,Mr. Justin Green III,Russo and Sons,31,Self-Employed,98293.09,5803.54,0,818.0,3348260.58,24,192363.77,0,0.0001,0
APP00504,Zachary Mitchell,Washington Inc,23,Self-Employed,30210.45,7178.1,0,831.0,1980142.46,24,61533.92,0,0.0048,0
APP00505,Katherine Martinez,Duncan Group,21,Salaried,89848.97,17249.64,0,743.0,2367092.15,84,222549.42,1,0.0011,0
APP00506,Jodi Roach,"Burns, Hanson and Garza",33,Self-Employed,277268.42,27111.42,0,704.0,8644096.24,60,311803.89,3,0.0081,0
APP00507,Brandon Fleming,Diaz PLC,62,Salaried,71582.4,4263.54,0,643.0,1816823.64,12,144244.83,1,0.1024,0
APP00508,Emma Reed,"Jones, Conrad and Clark",42,Salaried,26964.61,9889.42,0,683.0,1206518.26,12,48792.94,2,0.8172,1
APP00509,Joshua Vance,Hebert-Collier,32,Salaried,50069.97,9885.9,0,687.0,2454690.44,60,98692.47,0,0.0405,0
APP00510,Michelle Ho,Owen-Brown,43,Salaried,127339.4,11373.51,0,719.0,5593720.7,60,210763.4,2,0.0177,0
APP00511,Rebecca Hicks,"Paul, Zamora and Short",22,Salaried,71600.81,26084.56,0,654.0,4948431.98,60,86523.53,3,0.7767,1
APP00512,Curtis Taylor,"Brown, Jensen and Rice",35,Salaried,74437.86,22593.01,0,718.0,5338882.79,84,151914.75,1,0.235,0
APP00513,Allison Spencer,"Jones, Torres and Blackburn",39,Self-Employed,128651.57,32986.17,0,706.0,8007757.47,36,140200.86,0,0.0623,0
APP00514,Robert Arnold,"Davis, Hardy and Schmidt",37,Salaried,84812.98,6105.78,0,765.0,5115729.79,36,83406.16,2,0.0094,0
APP00515,Angelica Parker,Lee Ltd,46,Salaried,130812.27,13698.36,0,571.0,4442798.96,60,231138.23,0,0.0938,0
APP00516,Dr. Kelly Hammond DVM,Hudson and Sons,41,Salaried,108141.23,2074.65,1,,5059605.08,84,125207.38,0,0.0032,0
APP00517,William Day,"Curry, Perry and Garcia",45,Salaried,148351.3,12179.66,0,780.0,4908698.91,48,82950.23,2,0.0032,0
APP00518,Michael Cooper,"Ray, Craig and Park",31,Salaried,74332.88,11272.67,0,824.0,4390200.22,60,43205.96,1,0.0026,0
APP00519,Penny Bowman,Andrade-Jackson,47,Salaried,113653.42,21711.02,1,,2535592.85,24,230013.03,1,0.031,0
APP00520,Vincent Reynolds,Pierce PLC,54,Salaried,65863.19,16727.1,0,813.0,1646599.73,12,168638.66,0,0.0107,0
APP00521,Amy Martinez,Sandoval-Ferguson,28,Self-Employed,36264.73,3456.66,0,746.0,519370.63,60,56526.46,0,0.001,0
APP00522,Christopher Morris,"Ramos, Gomez and Edwards",29,Self-Employed,184950.65,5306.58,0,746.0,8976835.16,36,158170.82,0,0.0004,0
APP00523,Hannah Everett,Kirk-Gutierrez,51,Salaried,83352.53,5398.66,0,757.0,4443714.97,12,205279.18,1,0.0118,0
APP00524,Sarah King,"Jordan, Swanson and Franklin",36,Salaried,96782.9,25497.27,0,710.0,1180919.46,36,96941.06,0,0.0117,0
APP00525,Krista Martinez,"Gardner, Brooks and Pierce",52,Self-Employed,74970.5,25075.8,0,608.0,3197277.99,36,186615.19,3,0.9562,1
APP00526,Joseph Shaw,"King, Nixon and West",34,Self-Employed,39630.87,5668.59,0,683.0,1371722.22,24,70213.76,1,0.0364,1
APP00527,Todd Moore,Smith-Johnson,53,Salaried,75999.69,11889.96,0,645.0,4525237.71,84,75769.87,1,0.3536,0
APP00528,Michelle Jacobs,Larson-Holmes,39,Self-Employed,173510.08,53365.18,0,736.0,2486997.2,24,255481.59,0,0.0096,0
APP00529,Kristy Bryan,Smith-Joyce,41,Self-Employed,95875.96,15334.52,0,712.0,1429888.51,36,118063.22,1,0.0098,0
APP00530,Angel May,Foley Inc,54,Self-Employed,20747.91,2595.21,0,695.0,1021057.48,24,47627.57,1,0.2401,1
APP00531,Marilyn Wang,"Short, Ellison and Dixon",34,Salaried,59657.47,16204.22,0,645.0,2833630.26,24,39416.12,2,0.4791,0
APP00532,Mark Jimenez,"Howe, Moore and Johnson",29,Salaried,137372.21,38300.81,0,708.0,8498586.69,60,312401.91,2,0.123,0
APP00533,Donna Frye,Moore-Baker,34,Salaried,59696.34,9094.27,0,744.0,2837726.22,36,133369.66,2,0.0253,0
APP00534,Dr. Michael Evans,"Wright, Scott and Evans",43,Salaried,32534.36,8909.55,0,641.0,2243642.56,60,74506.63,0,0.6367,1
APP00535,Anthony Gonzales,"Ross, Hardin and Navarro",22,Salaried,130855.52,12991.15,0,658.0,4038604.12,120,340433.41,0,0.0025,0
APP00536,Mr. Lawrence Edwards,"Nguyen, Olson and Freeman",44,Salaried,100564.95,16956.98,0,782.0,3607796.33,84,98941.8,0,0.0035,0
APP00537,Morgan Valencia,"Warner, Weiss and Davis",33,Salaried,62887.15,12683.73,0,592.0,4443636.15,48,101923.69,3,0.8138,1
APP00538,Bianca Wood,"Evans, Cross and Johnston",49,Salaried,63985.02,5572.38,0,770.0,1180616.62,12,160635.02,0,0.0019,0
APP00539,Emma Owens,Deleon LLC,21,Self-Employed,106662.47,11027.98,0,832.0,6373540.25,84,146004.79,0,0.0001,0
APP00540,David Davis,Hobbs-Hamilton,30,Salaried,48914.47,6129.45,0,813.0,620926.32,24,29849.05,1,0.0006,0
APP00541,James Gilbert,Kane and Sons,21,Salaried,92208.16,22215.37,0,728.0,3798127.21,84,99679.44,2,0.0224,0
APP00542,Sean Moore,"Delgado, Guzman and Smith",30,Self-Employed,82946.21,26939.89,0,684.0,1758803.12,48,76757.43,4,0.3924,1
APP00543,Kenneth Edwards,"Reyes, Torres and Williams",40,Self-Employed,76253.18,24796.65,0,821.0,3654944.54,48,170821.72,1,0.0295,0
APP00544,Kathleen Robertson,"Cunningham, Murphy and Wolfe",36,Self-Employed,67817.77,19398.69,0,552.0,4061619.52,36,96454.26,1,0.8569,0
APP00545,Mr. Alexander Landry MD,Williams Ltd,35,Self-Employed,53525.9,6182.39,0,675.0,748428.01,36,111403.25,2,0.0262,0
APP00546,Cindy Gomez,Maddox-Mullins,36,Self-Employed,127346.53,50899.57,0,711.0,2779511.61,48,296040.38,2,0.2137,1
APP00547,Johnny Khan,"Wagner, Walker and Roberts",40,Salaried,47879.51,935.55,0,727.0,1558795.12,12,59168.41,0,0.0022,0
APP00548,Julie Herrera,Hernandez-Rogers,28,Salaried,29291.93,8069.96,0,768.0,801074.01,24,60692.43,1,0.0214,0
APP00549,Jessica Khan,Duncan-Williams,45,Salaried,98624.13,22748.49,0,683.0,3451173.19,60,48590.36,2,0.1896,0
APP00550,Pamela Diaz,Baker-Ross,45,Salaried,99372.47,4929.98,0,750.0,6867840.02,48,73677.83,0,0.0052,0
APP00551,Kelly Lee,Ayala-Anderson,42,Self-Employed,92022.07,13321.01,0,712.0,1663056.74,12,77223.43,0,0.0053,0
APP00552,Angel Gordon,Castillo and Sons,44,Salaried,88872.7,17217.82,0,690.0,3323565.68,48,102821.59,0,0.0339,0
APP00553,Diana Hays,Foster-Duncan,41,Salaried,61895.92,4010.83,0,662.0,2440276.53,60,90283.03,3,0.1088,0
APP00554,Barbara Hester,"Gilbert, Fitzgerald and Sanchez",58,Salaried,107786.68,18531.54,0,710.0,3106468.64,84,166750.56,2,0.1163,0
APP00555,Robert Morgan,Adams Group,37,Salaried,66816.06,5144.54,1,,1918315.25,12,71524.43,0,0.0038,0
APP00556,Nicole Gonzalez,Cohen-Johnston,35,Salaried,53450.31,10641.62,0,762.0,2933627.21,60,32032.03,1,0.0248,0
APP00557,Kathryn Williams,Powers Group,30,Salaried,54250.64,11589.18,0,757.0,2662113.0,60,106303.25,0,0.0097,0
APP00558,Gary Wells,Bailey-Flores,28,Self-Employed,227310.32,9997.55,0,794.0,13813630.19,84,124306.25,1,0.0004,0
APP00559,Larry Robertson,"Rios, Carrillo and Jackson",26,Salaried,27083.23,4601.97,0,657.0,983240.13,24,62542.36,0,0.0356,0
APP00560,Louis Martin,Jensen-Branch,29,Self-Employed,79456.0,19641.23,0,581.0,3845881.71,12,196572.82,2,0.58,0
APP00561,Nancy Evans MD,Hanson-Alexander,37,Salaried,32035.51,706.39,0,731.0,2102019.01,36,72106.48,1,0.0149,0
APP00562,Kim Erickson,Gonzalez LLC,41,Salaried,68101.04,15548.25,1,,4295793.58,48,120044.6,0,0.0994,0
APP00563,Robert Richardson,Todd Inc,39,Salaried,57467.39,14641.28,0,773.0,3861889.5,48,107441.74,1,0.0704,0
APP00564,Veronica Silva,Singh and Sons,30,Self-Employed,13185.74,5037.67,1,,371026.93,60,22726.43,1,0.4396,1
APP00565,Molly Watts,"Mcintosh, Melton and Wilkins",47,Salaried,90094.02,19522.73,0,713.0,6407961.85,36,227282.2,2,0.3215,0
APP00566,John Coffey,Cooper Inc,45,Self-Employed,52116.47,4092.29,0,767.0,3178239.4,84,145742.94,1,0.0144,0
APP00567,Paula Lane,Cole-Johnson,36,Salaried,26196.64,5228.12,1,,1563637.34,24,36948.7,1,0.1799,0
APP00568,Lauren Jackson,Singh and Sons,31,Salaried,92286.77,19340.46,0,786.0,4803961.48,84,168760.63,1,0.0075,0
APP00569,Lisa Randall,Payne LLC,43,Self-Employed,181581.81,50925.48,0,683.0,12891596.11,48,391393.25,1,0.2851,1
APP00570,Michael Johnson,"Webb, Blair and Thomas",40,Salaried,138192.53,47336.68,0,648.0,5319554.74,60,57559.33,3,0.6808,1
APP00571,Ashley Smith,"Barnett, Bennett and Escobar",24,Salaried,67550.84,12952.95,0,693.0,3816106.14,60,111005.09,2,0.0654,0
APP00572,Christian Vaughn,"Williams, Jackson and Campbell",37,Self-Employed,64031.5,10273.11,0,765.0,3453133.87,84,125575.25,2,0.0283,0
APP00573,Reginald Knapp,"Williamson, Brown and Pena",41,Salaried,129978.35,24706.93,0,661.0,7269082.91,36,269715.47,1,0.1172,0
APP00574,Nancy Brown,Jones Ltd,29,Salaried,131332.79,19315.3,0,581.0,7497511.72,36,173018.82,3,0.4097,0
APP00575,Daniel Nguyen,Alvarado-Durham,40,Salaried,117706.92,24970.82,0,738.0,2759680.38,84,130381.14,0,0.0059,0
APP00576,Kelly Edwards,Lin-Smith,23,Salaried,37084.54,2792.94,0,601.0,1221679.14,12,34094.82,1,0.0403,0
APP00577,Thomas Peterson,"Hughes, Whitney and Romero",51,Self-Employed,79155.81,21466.94,0,661.0,2812820.53,48,129628.77,2,0.5457,0
APP00578,Raymond Le,"Garcia, Stewart and Delacruz",50,Self-Employed,93516.51,21536.44,0,727.0,5319218.25,24,231551.12,4,0.5557,0
APP00579,Melissa Bishop,"Miller, Gonzalez and Rasmussen",35,Salaried,29477.46,5838.31,0,740.0,1620519.79,12,72768.31,1,0.0654,0
APP00580,David Grant,"House, Smith and Wright",42,Self-Employed,91323.86,7458.77,0,800.0,5662259.68,60,122624.81,0,0.0018,0
APP00581,William Evans,"Torres, Burns and Garner",21,Salaried,152960.47,10684.62,0,732.0,9072261.16,60,168969.33,3,0.0036,0
APP00582,Daniel Bush,Reed LLC,26,Salaried,78856.14,24316.58,0,848.0,3766329.32,60,164876.04,0,0.0024,0
APP00583,Gregory Peck,Garrett-Young,35,Salaried,129151.93,49475.14,0,627.0,2634300.1,36,241452.98,2,0.5164,0
APP00584,Denise Martinez,"Hill, Brown and Scott",27,Self-Employed,61944.64,13731.85,0,711.0,3105118.3,48,97123.02,2,0.0737,1
APP00585,Jamie Baird,Zamora-Briggs,45,Salaried,72375.63,30038.48,0,616.0,4720596.02,120,84461.62,3,0.9854,1
APP00586,Tina Ballard,Raymond LLC,58,Salaried,89779.71,26052.43,0,764.0,4541997.17,48,62131.55,0,0.1029,0
APP00587,Dwayne Klein,Hernandez Group,26,Salaried,40957.37,3687.43,0,733.0,2692438.85,36,96330.93,0,0.0059,0
APP00588,Jeremy Scott,"Taylor, Blair and Meyer",30,Self-Employed,28904.95,5738.9,0,763.0,2079514.39,36,53207.75,4,0.2882,1
APP00589,Dale Ryan,"Salazar, Garrett and Perez",40,Salaried,124951.91,17746.48,0,667.0,4192403.27,84,167409.15,2,0.0563,0
APP00590,Melissa Taylor,Berry Group,54,Salaried,140238.0,32062.35,0,785.0,7768817.94,48,347402.76,1,0.0398,0
APP00591,Laurie Sanchez,Browning-Murphy,26,Self-Employed,26858.15,4893.44,0,743.0,1192435.12,36,52464.6,1,0.0192,0
APP00592,Kiara Little,"Anderson, Delgado and Carpenter",40,Salaried,109255.74,27046.65,0,696.0,4293565.7,48,270261.91,1,0.0773,0
APP00593,Jason Love,"Mcbride, Huffman and Parker",56,Salaried,72722.8,19095.95,0,713.0,1919301.89,36,106514.72,2,0.2934,0
APP00594,Randy Smith,"Roach, Browning and Jordan",21,Salaried,64087.35,7201.24,0,719.0,1714649.17,48,98989.24,2,0.0049,0
APP00595,Tanya Russell,Douglas PLC,25,Salaried,71715.04,12427.45,1,,1656498.16,24,186226.68,0,0.0039,0
APP00596,Sherry Woods,Stewart PLC,34,Salaried,102815.6,21135.28,0,692.0,5129368.48,60,267470.98,1,0.0479,0
APP00597,Victor Morris,"Fry, Wilson and Stewart",33,Self-Employed,62517.1,15114.26,0,672.0,1283050.14,12,159489.35,0,0.0298,0
APP00598,Susan Davis,Acosta LLC,46,Salaried,142645.11,45593.96,1,,5403851.64,60,305282.38,5,0.7591,1
APP00599,Kimberly Sharp,Ali-Turner,40,Salaried,81233.5,6601.14,0,607.0,3525533.29,48,129058.13,2,0.1693,0
APP00600,Susan Thompson,"Peck, Shannon and Mahoney",21,Self-Employed,77397.31,7686.14,0,771.0,2963857.81,60,75448.13,1,0.0008,0
APP00601,Casey Gillespie,Hernandez-Lopez,43,Salaried,50276.81,4766.72,0,662.0,3182309.52,36,69857.49,0,0.0692,0
APP00602,Jennifer Simpson DVM,Lopez PLC,32,Salaried,169262.51,51515.97,0,676.0,6531867.64,36,408377.1,1,0.0828,0
APP00603,Tammy Mcdowell,"Adams, Bradley and Hall",51,Self-Employed,95521.77,23429.07,0,722.0,1620997.33,12,118074.82,2,0.0946,1
APP00604,Keith Rodriguez,Hall Inc,32,Salaried,88314.39,8860.87,0,785.0,6317302.84,60,200633.11,0,0.0022,0
APP00605,Mrs. Virginia Daniels,Miller-Chan,32,Self-Employed,18897.2,3381.76,0,602.0,1184836.15,60,48306.94,1,0.5826,0
APP00606,Todd Rosales MD,Shaw PLC,43,Self-Employed,37386.53,1525.02,0,723.0,1929242.6,24,107161.17,1,0.0186,0
APP00607,Brian Martin,Joseph-Brooks,46,Salaried,132004.31,7193.18,0,769.0,7574330.4,48,368425.55,0,0.0021,0
APP00608,David Lopez,Henry-Taylor,42,Salaried,82291.75,6051.02,0,727.0,1620443.21,24,149626.45,1,0.0039,0
APP00609,Rachel Bradley,Perez Group,21,Salaried,23245.98,6718.02,0,787.0,1347218.28,84,34398.5,0,0.0187,0
APP00610,Casey Chase,Schaefer Group,43,Salaried,116715.88,30498.74,0,586.0,2855446.56,60,301264.34,5,0.9113,1
APP00611,Samantha Robertson,Newton and Sons,28,Salaried,47583.03,5005.7,0,581.0,1967014.45,24,47128.99,2,0.2112,0
APP00612,Michael Lopez,Jones Group,40,Salaried,133377.65,16007.22,0,766.0,3024867.28,48,121465.58,1,0.0019,0
APP00613,Franklin Wright,"Burns, Nguyen and Ellis",24,Self-Employed,49134.18,3654.83,0,677.0,2811806.51,60,137565.98,2,0.0311,0
APP00614,David Molina,Patterson Inc,42,Self-Employed,75880.09,6099.29,0,632.0,2030250.22,60,161901.14,0,0.0207,0
APP00615,Elizabeth Sharp,"Moss, James and Edwards",30,Self-Employed,129531.47,14426.07,0,694.0,3522285.15,60,225158.88,2,0.0083,0
APP00616,Matthew Schwartz,"Crosby, Armstrong and Herrera",25,Salaried,38928.64,7918.03,0,793.0,722256.35,36,29029.14,0,0.0013,0
APP00617,Bryan Parker,"Liu, Buchanan and Meyer",45,Salaried,47848.36,8317.56,0,633.0,2642970.49,48,77902.92,1,0.3915,0
APP00618,Jonathan Jacobson,Bryant-Rich,40,Salaried,64693.95,1681.63,0,886.0,1924688.72,12,182655.25,0,0.0001,0
APP00619,Emily Wilson,Stone Group,32,Salaried,92970.48,7805.52,0,672.0,4006730.29,24,178779.25,1,0.0127,0
APP00620,Elizabeth Mendez,"Williams, Hughes and Hubbard",53,Self-Employed,27081.82,6079.32,0,707.0,864847.46,24,36341.45,1,0.2472,1
APP00621,Casey Hernandez,Lee Group,34,Salaried,31027.19,6127.32,0,617.0,1814534.26,12,52508.72,2,0.6209,1
APP00622,Lisa Perry,Wilkerson-Ayala,38,Salaried,99997.3,11827.72,0,720.0,2558832.82,36,255470.67,1,0.0059,0
APP00623,Kaitlin Medina,Murray-Henderson,41,Self-Employed,42619.1,9631.33,1,,2917280.21,60,105173.75,2,0.4228,1
APP00624,Colleen Wright,"Ellison, Vaughn and Mckee",32,Salaried,53707.5,6469.45,0,628.0,1679991.85,48,75720.28,1,0.0504,0
APP00625,Shelley Miller,Gallegos-Hayes,43,Salaried,31720.0,8327.04,0,865.0,578290.43,12,55668.3,1,0.0051,0
APP00626,Michael Miller,"Mason, White and Richards",33,Salaried,47813.45,10267.16,0,673.0,1263150.67,12,51130.76,1,0.0621,0
APP00627,Amy Kelley,"Payne, Long and Morris",34,Salaried,65501.57,8632.67,0,686.0,1076613.63,36,99592.01,1,0.0106,0
APP00628,Laura Hernandez,White PLC,52,Self-Employed,131860.06,56648.78,0,714.0,5290795.9,60,108682.08,2,0.6803,0
APP00629,Joseph Wilson,"Huang, Khan and Davis",28,Salaried,42953.79,6786.41,0,805.0,1160399.85,12,72343.68,2,0.0033,0
APP00630,Kevin Davis,Holt-Meadows,21,Self-Employed,159522.71,47064.55,0,758.0,10394940.44,84,264583.03,1,0.0099,0
APP00631,Rhonda Chavez,Higgins Inc,54,Self-Employed,42575.86,11922.01,0,606.0,1831942.24,12,49232.04,2,0.9202,1
APP00632,Joyce Brown,Wilson Group,63,Self-Employed,42619.52,3142.88,0,752.0,1108197.44,12,48448.88,0,0.0127,0
APP00633,Robert Cummings,"Cox, Mills and Cruz",34,Salaried,131274.46,15132.15,0,620.0,5129709.77,84,108562.03,0,0.0204,0
APP00634,Robert Reese,"Salazar, Moore and Pierce",21,Salaried,60490.74,20460.29,0,738.0,1437239.13,36,42664.16,1,0.0198,0
APP00635,Amber Cooper,Tate LLC,35,Self-Employed,41108.96,5296.5,0,633.0,934150.2,24,87638.6,0,0.0307,0
APP00636,Zachary Michael,"Savage, Huffman and Martin",35,Salaried,62062.61,12878.84,0,671.0,1864322.69,36,58632.12,0,0.0334,0
APP00637,Timothy Johnson,White Ltd,36,Salaried,123860.65,12921.86,1,,2291185.18,84,93326.03,0,0.002,0
APP00638,Randy Cannon,Barnes LLC,27,Self-Employed,152100.68,35282.48,0,712.0,3546813.3,24,402999.04,2,0.0149,0
APP00639,Maria Fisher,"Mack, Griffin and Sims",44,Salaried,51222.06,5474.74,0,703.0,3497586.2,60,55747.27,1,0.0826,0
APP00640,Janet Kane DVM,Roach and Sons,43,Self-Employed,64553.75,17656.32,0,755.0,3357321.87,24,152694.86,3,0.2899,1
APP00641,Michael Stanley,Dean LLC,23,Self-Employed,54854.9,11973.58,0,701.0,3689878.73,60,98858.48,4,0.353,1
APP00642,Martha Bailey,Ellis Group,45,Self-Employed,34094.62,8027.89,1,,934561.4,24,68814.82,2,0.2462,0
APP00643,Joshua Rice,"Aguirre, Franklin and Snyder",59,Salaried,73753.51,22981.64,0,599.0,4677506.88,48,118442.15,2,0.9718,1
APP00644,Courtney Smith,Chapman Group,40,Self-Employed,64489.84,13285.65,0,806.0,2175653.08,24,55071.98,1,0.0064,0
APP00645,Edwin Nunez,Ortiz-Miller,35,Salaried,111168.58,15737.96,0,681.0,2295820.09,60,270400.02,0,0.0052,0
APP00646,Kim Morrow,"Smith, Khan and Ramirez",37,Self-Employed,144363.14,9472.75,0,844.0,8702560.08,48,358831.27,0,0.0003,0
APP00647,Gregory Hill,"Grant, Bryan and Williams",44,Self-Employed,53408.53,14599.67,0,770.0,832051.89,48,63363.2,4,0.1723,0
APP00648,Molly Rodriguez,Brown LLC,21,Self-Employed,43045.42,13434.09,0,674.0,1562168.62,24,87537.82,4,0.5116,0
APP00649,Jennifer Miranda,Thomas Inc,40,Salaried,95299.39,37134.97,0,753.0,5828404.14,84,142537.24,0,0.1446,0
APP00650,Alexis Harris,"Lane, Morrison and Rivera",34,Salaried,50508.65,12808.94,0,527.0,2476494.34,36,122284.25,0,0.7203,1
APP00651,Andrew Harper,Williams Group,56,Salaried,98560.93,8028.58,0,711.0,4246393.57,48,237034.2,1,0.0324,0
APP00652,Amber Yang,Martin LLC,36,Salaried,64761.81,23361.0,0,732.0,2151260.16,48,31980.93,2,0.227,0
APP00653,David Robinson,"Guerrero, Graves and Armstrong",55,Salaried,48889.25,6215.76,0,786.0,806836.41,36,123526.83,0,0.004,0
APP00654,Amy Gordon,"Thompson, Gibson and Riley",27,Salaried,38975.54,5079.04,0,642.0,2785126.83,36,106444.78,1,0.1455,0
APP00655,Robert Dennis,Davis LLC,44,Salaried,141868.93,32597.47,1,,3190124.88,36,295766.85,0,0.0167,0
APP00656,Kyle Chambers,Richardson-Gray,41,Self-Employed,58258.63,6857.73,0,565.0,1591538.88,24,43851.96,1,0.2361,1
APP00657,Eric Thomas,Chang PLC,29,Self-Employed,176549.19,42396.69,0,709.0,4617634.59,60,391241.75,2,0.0202,0
APP00658,Connie Turner,Carter and Sons,40,Salaried,56089.89,7769.53,0,601.0,3728658.71,48,110608.18,1,0.4111,0
APP00659,Travis Hobbs,Neal LLC,50,Self-Employed,84294.82,26639.0,0,770.0,4874036.19,84,95608.42,0,0.0952,0
APP00660,Lori Simmons,Rose-Warren,35,Salaried,195323.68,49888.6,0,738.0,7703524.45,48,461741.13,3,0.0561,0
APP00661,William David DDS,"Clark, Brown and Duncan",21,Salaried,34175.5,2658.1,0,710.0,2369229.92,36,62865.38,0,0.0074,0
APP00662,Emma Butler,"Rice, Miller and Ramsey",38,Salaried,29384.06,8022.99,0,725.0,445668.07,36,66788.7,1,0.0657,0
APP00663,James Webster,"Peck, Andersen and Mitchell",29,Self-Employed,137822.25,21484.64,0,684.0,9043926.5,120,276434.98,2,0.0566,0
APP00664,Samuel Turner,"Abbott, Green and Andrews",35,Self-Employed,33915.66,14010.88,0,688.0,529953.97,12,32865.2,1,0.3699,1
APP00665,Renee Melendez,"Gomez, Anderson and Hart",37,Self-Employed,61107.83,8941.96,0,644.0,2167362.67,24,166373.38,1,0.075,0
APP00666,Tracy Grant,"Daniel, Jimenez and Morton",21,Self-Employed,33177.78,7823.5,0,752.0,505639.02,12,56410.67,0,0.0033,0
APP00667,David Harris,"Hall, Roberts and Lee",22,Self-Employed,61229.28,10559.07,0,626.0,4404720.74,60,100255.69,0,0.0851,1
APP00668,Tammy Boone,Johnson Ltd,43,Salaried,47692.34,4903.55,0,610.0,3188870.7,36,68257.8,1,0.3552,0
APP00669,Nathaniel Lee,Mclaughlin and Sons,33,Salaried,59851.98,9868.69,0,718.0,2818306.48,36,46178.07,0,0.0121,0
APP00670,Michael Morrison,"Duarte, Gutierrez and Cook",21,Salaried,67339.71,17421.6,0,699.0,1688251.9,12,129894.24,0,0.0051,0
APP00671,Chelsea Gill,"Shaffer, Lewis and Davidson",46,Self-Employed,33942.25,5129.1,0,714.0,970974.49,48,49482.57,2,0.0921,1
APP00672,Kristin Mendoza,"Campbell, Tyler and Parker",41,Salaried,52177.93,5359.47,0,696.0,2033509.75,36,140403.18,0,0.0137,0
APP00673,Felicia Krueger,"Pierce, Wang and Wilson",31,Salaried,54096.68,13459.56,0,781.0,1696840.4,36,137967.6,3,0.0379,0
APP00674,Timothy Hayden,Peterson-Ramsey,25,Self-Employed,19494.28,2298.59,0,727.0,258861.32,12,44378.39,1,0.0051,0
APP00675,Zachary Mendoza,"Choi, Collier and Lee",46,Salaried,62529.25,16151.87,0,725.0,3212462.85,24,60238.27,0,0.0934,0
APP00676,Larry Harris,Nielsen-Mendoza,41,Self-Employed,70636.35,16282.56,0,697.0,3447454.56,12,143110.53,2,0.2261,1
APP00677,Kristen Rowe,Robles-Brewer,62,Salaried,63180.13,12384.28,0,751.0,4186229.79,48,31403.48,2,0.3705,0
APP00678,Joseph Howard,Moore-Murray,42,Self-Employed,54374.55,15081.04,0,743.0,2208217.84,36,120176.16,0,0.0484,1
APP00679,Jose Crawford,"Huang, Ford and Olsen",42,Self-Employed,64840.38,23679.07,0,707.0,2119148.05,24,91905.92,1,0.2816,1
APP00680,William Harrison,"Brown, Meyer and Cunningham",36,Salaried,50158.57,11026.87,0,746.0,2141321.25,36,126874.76,1,0.0337,0
APP00681,Suzanne Wood,"Stewart, Herrera and Clark",46,Self-Employed,111521.85,14183.62,0,606.0,2641026.93,12,150838.76,1,0.0967,0
APP00682,Justin Walker,"Rivera, Hendricks and Flynn",44,Salaried,141163.3,43625.03,0,596.0,6992159.87,48,138200.33,0,0.5173,1
APP00683,Dean Donovan,Montes LLC,51,Salaried,61363.53,15921.6,0,677.0,3571478.71,36,159548.18,2,0.6611,1
APP00684,Jennifer Hernandez,Morgan Group,33,Salaried,80736.18,18647.52,0,688.0,1712228.96,12,130448.7,1,0.0303,0
APP00685,James Whitaker,"Ferguson, Martin and Obrien",34,Self-Employed,50523.43,2476.98,0,777.0,1571429.88,12,130997.21,0,0.0006,0
APP00686,Mr. Michael Scott PhD,Larson LLC,33,Salaried,76502.0,20099.9,0,697.0,4901334.85,60,184580.08,1,0.1578,0
APP00687,Maria Henry,"Hodge, Mckinney and Nelson",46,Salaried,152992.32,25098.53,0,745.0,6476456.22,120,252259.84,1,0.0134,0
APP00688,Robert Jackson,Crawford and Sons,53,Self-Employed,98154.07,2343.02,0,672.0,4309964.85,60,158982.04,0,0.0146,0
APP00689,Katherine Stark,Hayes-Sampson,33,Salaried,29218.76,325.76,0,718.0,1617097.61,12,54689.41,2,0.019,0
APP00690,Maria Brown,Warren and Sons,34,Salaried,80622.47,9525.99,0,652.0,3762938.45,120,198702.42,0,0.0216,0
APP00691,Ryan Landry,Brooks Inc,41,Salaried,124522.46,3129.4,0,769.0,2014124.22,120,358010.05,0,0.0003,0
APP00692,Pamela Gutierrez,Gentry Group,36,Salaried,60980.6,11948.29,0,608.0,3673331.15,60,72652.81,0,0.2505,0
APP00693,Crystal Mann,"Johnson, Webb and Porter",48,Self-Employed,138023.11,6376.19,0,749.0,9298639.0,36,316400.59,1,0.0088,0
APP00694,Jonathan Brooks,Peterson Group,21,Salaried,40317.32,5972.49,0,625.0,612687.58,36,45298.88,1,0.0168,0
APP00695,Mary Jensen,"Russo, Collins and Murphy",30,Salaried,31991.6,4197.84,0,707.0,616637.53,84,60603.89,0,0.0053,0
APP00696,Mr. Aaron Arnold,Short PLC,30,Self-Employed,62644.38,6084.39,0,759.0,3390220.63,60,149719.13,2,0.009,0
APP00697,Joseph Hill,"Haney, Harris and Johnson",21,Salaried,24951.12,3298.33,0,729.0,1204351.48,36,63293.14,1,0.0076,0
APP00698,Alicia Li,Reeves-Boyd,28,Self-Employed,46713.29,6084.52,0,587.0,1632677.01,36,70825.25,3,0.3527,1
APP00699,Renee Browning,Collins Inc,29,Salaried,109918.69,32297.4,0,636.0,4875434.48,120,133564.96,2,0.3335,0
APP00700,Brent Hernandez,"Charles, Wiggins and Cook",36,Self-Employed,16088.9,6333.6,1,,872023.63,12,14648.87,1,0.7433,0
APP00701,Joseph Ochoa,Garcia Ltd,49,Self-Employed,28073.58,9016.17,0,540.0,1186630.65,12,19642.85,4,0.9965,1
APP00702,James Watson,"Edwards, Lane and Collins",36,Self-Employed,29741.44,2112.72,0,716.0,607061.39,48,40511.76,2,0.014,0
APP00703,Karl Branch,Flores and Sons,28,Salaried,59067.72,16495.77,0,727.0,1025779.58,12,136194.33,1,0.0195,0
APP00704,Michael Abbott,Hill-Flores,37,Salaried,57851.07,18318.08,0,714.0,2217519.82,36,75327.74,1,0.1534,0
APP00705,Shannon Malone,Lambert-Nelson,48,Self-Employed,183070.66,6690.69,0,781.0,12334035.29,48,232426.7,0,0.0017,0
APP00706,James Tran,Hill Inc,28,Salaried,93376.09,11308.0,1,,4245507.18,36,205956.6,1,0.0089,0
APP00707,Adam Jackson,"Castro, Garcia and Daniels",29,Salaried,76979.16,20284.6,0,679.0,2578278.62,12,69440.9,1,0.0631,0
APP00708,Mr. Richard Knight PhD,"Flores, Thomas and Bush",44,Salaried,78985.23,8528.13,0,669.0,5254284.53,60,85235.7,0,0.0554,0
APP00709,Joseph Williams,Andrews-Jackson,36,Self-Employed,80658.54,25033.72,1,,2848692.63,36,193506.81,2,0.2015,1
APP00710,Sean Clay,Austin-Morgan,44,Self-Employed,36782.76,8425.27,1,,1565062.07,24,22928.53,1,0.1894,0
APP00711,Anthony Jones,Williams-Johnson,38,Salaried,101515.69,24521.14,0,663.0,1927778.97,24,137147.46,0,0.0322,0
APP00712,Stephanie Elliott,"Williams, Reyes and Miller",45,Self-Employed,31220.56,10735.5,0,674.0,1755970.73,60,50202.99,2,0.8674,1
APP00713,Timothy Edwards,White-Carlson,28,Salaried,88508.46,26251.79,0,683.0,4781065.82,60,81085.39,1,0.1334,0
APP00714,Laurie Goodwin,"Soto, Vaughn and Griffin",38,Salaried,117711.05,8095.15,0,900.0,7022010.2,120,136683.87,0,0.0001,0
APP00715,Jennifer Jones,Edwards-Roth,36,Salaried,74081.3,8298.93,0,652.0,2334411.22,36,73751.05,0,0.015,0
APP00716,David Davenport,"Chang, Lamb and Miller",26,Salaried,54617.7,11203.89,0,712.0,2084385.76,12,66806.7,0,0.0106,0
APP00717,Steven Rivera,Bradley-Davis,22,Salaried,66843.98,7059.01,0,649.0,1477285.57,36,173878.29,0,0.0042,0
APP00718,Brenda Hinton,"Mcdonald, Bryant and Cohen",45,Self-Employed,9174.66,2090.37,0,663.0,641035.86,48,12836.18,2,0.9036,1
APP00719,Kathryn Mccann,"Miranda, Ruiz and Meza",34,Self-Employed,73828.88,16773.48,0,665.0,1267246.16,12,101080.13,2,0.0922,0
APP00720,Jeffrey Roberson,Callahan PLC,28,Salaried,57752.65,4076.17,0,790.0,2941966.05,48,81702.74,0,0.0007,0
APP00721,Randy Friedman,Durham-Myers,37,Salaried,66663.79,13743.56,0,692.0,3620873.28,60,174012.04,0,0.0531,0
APP00722,Raymond Johnson,"Stark, Rivera and Valencia",49,Salaried,103930.93,10086.8,0,724.0,2230793.07,24,78442.4,0,0.004,0
APP00723,Willie Henry,Chavez-Johnson,21,Self-Employed,47450.39,6074.89,0,690.0,1609488.42,24,119012.86,1,0.0057,0
APP00724,Todd Reynolds,Rodriguez-Mendoza,23,Self-Employed,23183.41,4758.17,0,590.0,338190.2,12,27418.08,3,0.4381,1
APP00725,Mary Miller,Campbell LLC,29,Self-Employed,50722.51,14553.29,0,623.0,2302624.25,12,125614.11,3,0.7089,0
APP00726,Rebecca Marquez,"Andrews, Romero and Sullivan",53,Salaried,77959.3,6107.81,0,715.0,5589392.41,84,96483.25,0,0.0363,0
APP00727,Christian Dawson,"Robles, Nguyen and Banks",41,Salaried,75295.3,21588.63,0,696.0,2845642.59,36,45614.19,1,0.1545,0
APP00728,Nancy Stewart,Patel-Morales,46,Salaried,81341.04,18214.34,0,735.0,5807790.06,84,130028.52,1,0.1423,0
APP00729,Aaron Parker,Allen-Sanchez,27,Salaried,95700.83,19746.76,0,675.0,1873202.59,36,91806.53,2,0.0297,0
APP00730,Derrick Anderson,Dickson Group,27,Salaried,36774.16,5260.32,0,698.0,1307220.53,120,81347.2,1,0.0181,0
APP00731,Jerry Peters,Peterson Ltd,42,Salaried,78275.53,16491.61,0,585.0,5175413.62,48,150092.2,2,0.8073,1
APP00732,Alexander Gomez,"Reynolds, Baird and Bradley",39,Self-Employed,156646.35,13675.34,1,,10119624.81,48,332001.93,1,0.0158,1
APP00733,Kyle Nguyen,Stephens-Young,43,Salaried,33513.12,4651.41,0,672.0,1052831.19,12,30679.8,1,0.0894,0
APP00734,Edgar Hughes,"Caldwell, Stevenson and Joseph",36,Salaried,73047.87,20980.55,0,707.0,3850838.12,60,142104.32,3,0.4121,0
APP00735,Steven Stein,Wilson-Carlson,41,Self-Employed,43147.41,9474.28,0,766.0,2811899.69,36,49100.9,2,0.1381,0
APP00736,Laura Jackson,Peters-Short,40,Salaried,59815.94,13918.63,0,674.0,3470081.24,48,158394.66,2,0.401,0
APP00737,Charles Turner,Parker Group,46,Self-Employed,36492.67,18272.94,1,,1813998.63,24,63724.06,1,0.9024,1
APP00738,Arthur Hamilton MD,George Ltd,46,Salaried,70069.6,9208.99,1,,1482290.03,12,129360.94,0,0.0106,0
APP00739,Mr. David Wright,"Wise, Gray and Snyder",22,Self-Employed,184157.35,44341.03,0,720.0,3016527.12,60,432147.58,1,0.0032,0
APP00740,Linda Gonzalez,"Brown, Robinson and Taylor",21,Salaried,31135.22,2333.7,0,705.0,1521806.25,48,59135.96,1,0.0055,0
APP00741,Eric Rush,"Berger, Fields and Smith",48,Salaried,44677.16,15652.62,0,649.0,1877179.69,24,69348.68,1,0.7682,1
APP00742,Manuel Brock,Guerrero Group,50,Self-Employed,27636.09,4571.97,0,744.0,726337.24,36,27714.99,1,0.0468,0
APP00743,George Ochoa,"Carter, Gilbert and West",28,Salaried,132226.55,25044.18,0,706.0,3909435.03,60,262784.8,3,0.0295,0
APP00744,Valerie Taylor,Maldonado LLC,21,Salaried,44669.03,1634.4,0,724.0,1586877.43,36,62998.02,0,0.0007,0
APP00745,Travis Harris,Hudson-Gentry,39,Salaried,69048.73,11411.88,1,,2881489.95,36,38493.83,3,0.1342,0
APP00746,Vincent Novak,Sellers-Zuniga,47,Salaried,63088.25,4782.76,0,766.0,2234304.44,36,154179.43,0,0.0029,0
APP00747,Michael Henry,"Haas, Cooper and Davis",56,Self-Employed,35494.61,14716.54,0,597.0,1250741.17,12,17716.97,3,0.9932,1
APP00748,Dana Bennett,Carr PLC,43,Salaried,65804.9,10417.63,0,724.0,1246606.01,12,132144.94,1,0.0145,0
APP00749,Jenna Wilson,Abbott-Phelps,34,Salaried,198678.71,19302.07,0,729.0,12702607.73,84,168575.3,1,0.0059,0
APP00750,Leslie Gardner,Wood PLC,29,Salaried,115248.86,18928.67,0,597.0,5595245.1,48,167290.17,1,0.1158,0
APP00751,Krista Benton,Smith PLC,38,Self-Employed,34539.45,3839.26,1,,717250.71,12,86368.45,2,0.0323,0
APP00752,Michael Gonzales,Rodriguez-Campbell,35,Salaried,89064.59,1021.97,0,749.0,3333907.26,24,65179.79,2,0.0023,0
APP00753,Michael Fuentes,Young Ltd,28,Salaried,41804.05,7291.5,0,762.0,1546873.44,24,82722.49,0,0.0037,0
APP00754,Jennifer Porter,"Long, Flores and Reyes",58,Self-Employed,19826.5,1546.47,0,715.0,952410.56,36,38707.6,2,0.2505,1
APP00755,Dana Hopkins,Graham-Clark,56,Salaried,119649.52,21243.83,0,590.0,5806851.85,48,290975.53,1,0.5621,1
APP00756,Rachel Jones,Wells and Sons,49,Self-Employed,154863.14,52323.15,0,776.0,7853625.01,84,119928.9,0,0.0496,0
APP00757,Karen Morales DDS,"Cruz, Middleton and Larsen",29,Salaried,98630.98,27227.31,0,718.0,5313663.36,84,212498.14,1,0.0541,0
APP00758,Melissa Stephens,Roberts Ltd,47,Salaried,61212.26,19309.82,0,615.0,1114139.27,24,83796.32,1,0.5617,1
APP00759,Heather Woodard,Taylor Inc,44,Salaried,68626.46,14012.39,0,672.0,2079061.27,60,96843.0,0,0.0568,0
APP00760,Margaret Miller,"Smith, Griffith and Tucker",42,Self-Employed,111129.43,18918.5,0,708.0,1449224.36,12,142791.79,2,0.0222,0
APP00761,Mary Kelly,Proctor-Taylor,50,Salaried,90193.75,5150.27,0,737.0,3542674.37,48,128267.99,3,0.0333,0
APP00762,Amanda Terrell,May Group,44,Salaried,61966.28,14385.44,0,626.0,2340206.36,12,98586.88,4,0.827,1
APP00763,Jennifer Goodwin,English-Dominguez,45,Salaried,36097.93,12093.87,0,689.0,2023636.17,12,23049.1,4,0.9383,1
APP00764,Jessica Smith,Hanson-Gibson,44,Salaried,77864.57,14892.25,0,599.0,1715124.19,12,110040.42,1,0.2347,0
APP00765,Jorge Stone,Arnold-Cole,41,Salaried,116192.91,54977.01,0,541.0,5796825.41,36,188936.21,5,0.9986,1
APP00766,Laura Griffin,Perez-Coleman,21,Salaried,32085.96,6192.26,1,,975466.09,48,50601.19,1,0.0176,0
APP00767,Raymond Chapman,Lane Ltd,39,Salaried,93110.95,28947.33,0,635.0,3250967.79,36,71919.59,1,0.3583,0
APP00768,Haley Johnson,Joseph LLC,32,Salaried,74384.53,9720.31,1,,4102843.46,120,97864.55,1,0.0232,0
APP00769,Jason Nixon,House-Johnston,25,Salaried,81709.38,10787.07,0,854.0,1331281.37,24,122670.41,0,0.0001,0
APP00770,Todd Thomas,Good PLC,55,Salaried,111963.83,12912.13,0,717.0,3646323.13,60,229182.61,2,0.046,0
APP00771,Jesse Clark,Bush-Wilson,55,Salaried,55327.91,5850.22,0,681.0,1963000.85,24,144208.11,1,0.0889,0
APP00772,Mr. Jeffrey Horton,Nixon-Miller,52,Salaried,36530.78,11988.64,0,687.0,2007182.19,36,57284.53,0,0.589,1
APP00773,Eric Patrick,"Simon, Terrell and Terrell",41,Salaried,56239.18,3148.4,0,770.0,1347123.22,24,119766.62,0,0.0009,0
APP00774,Samuel Wong,Marshall-Miller,52,Salaried,112831.35,10447.1,0,627.0,7767849.3,120,74569.41,1,0.2474,0
APP00775,Carly Riggs,"Davis, Kennedy and Harmon",38,Salaried,54085.55,23078.26,0,577.0,3886896.64,120,122796.09,5,0.9985,1
APP00776,Christopher Moore,"Miller, Schultz and Yates",40,Salaried,51716.27,14979.16,0,793.0,3161653.84,24,56964.94,0,0.037,0
APP00777,Tina Hall,Austin-Berger,27,Salaried,26414.24,3911.92,0,665.0,791971.53,36,33892.56,0,0.0215,0
APP00778,Cody Davidson,"Osborne, Harrison and Hunt",42,Self-Employed,224239.11,48186.11,0,643.0,11622761.63,60,211575.79,2,0.2341,0
APP00779,Allen Mendez,Berry-Rivera,39,Salaried,101283.27,16235.62,0,697.0,1720689.48,24,66303.54,2,0.0231,0
APP00780,Kevin Price,Yu-Yates,25,Self-Employed,90850.85,26768.45,0,708.0,5839597.89,36,191738.95,1,0.0933,0
APP00781,Christine Goodwin,Jackson-Neal,37,Salaried,105416.69,11159.11,0,697.0,4528655.99,60,109943.17,0,0.0068,0
APP00782,Amy Garcia,"Curry, Acosta and Elliott",37,Self-Employed,92835.6,8630.94,0,711.0,2096817.46,60,106818.96,2,0.0091,0
APP00783,Chelsea Nguyen,Soto PLC,56,Salaried,67750.98,9311.94,0,751.0,2143979.34,36,60223.6,1,0.0254,0
APP00784,Dennis Huffman,Berry Ltd,47,Salaried,70252.3,22511.62,0,805.0,4218268.86,60,173285.28,1,0.0965,0
APP00785,Margaret Harper,Lamb-Weber,38,Salaried,56943.8,3575.11,0,718.0,3656566.66,36,135275.48,1,0.0195,0
APP00786,Laurie Bailey,Washington-Martinez,40,Self-Employed,406303.43,116311.2,0,690.0,17545321.18,120,983430.28,1,0.0518,0
APP00787,Lisa Cervantes,York LLC,38,Salaried,88644.07,15258.25,0,801.0,3618334.94,36,215038.66,1,0.0041,0
APP00788,Elizabeth Mendez,Anderson-Campbell,36,Salaried,54683.6,6335.39,0,700.0,3119375.86,24,142479.7,0,0.0187,0
APP00789,Cesar Wilson,Smith-Rodriguez,27,Salaried,73920.07,24353.33,0,591.0,4551360.78,48,104814.69,2,0.8181,1
APP00790,Clayton Steele,Kent Ltd,36,Self-Employed,30185.32,2719.82,0,736.0,1747452.4,48,26702.52,1,0.0232,0
APP00791,Jennifer Taylor,Hopkins LLC,31,Salaried,124477.27,36187.2,0,741.0,4364880.59,84,140128.66,2,0.0388,0
APP00792,Cody Reid,Green Ltd,25,Salaried,43298.63,11912.5,0,715.0,2187253.93,12,45973.28,1,0.0797,0
APP00793,Maria Cooke,Washington PLC,43,Salaried,91652.16,16375.17,0,717.0,5814559.35,36,191370.47,0,0.0377,0
APP00794,Katherine Taylor,Cooper Inc,42,Self-Employed,138662.65,65612.39,0,562.0,2926563.72,60,59722.28,2,0.9519,1
APP00795,Jerry Brown,Larson and Sons,21,Salaried,65397.17,4672.52,0,721.0,2307748.59,36,53923.73,1,0.0017,0
APP00796,Adam Taylor,Mullins-Gutierrez,37,Salaried,71161.79,7507.58,0,793.0,1095687.6,12,148783.81,1,0.0009,0
APP00797,Tracey Wagner,Young-Alexander,48,Self-Employed,69271.82,16788.49,0,625.0,2530682.29,84,49225.97,1,0.4473,1
APP00798,Michael Perry PhD,"Jackson, Lane and Wilkinson",49,Salaried,73728.43,23991.48,0,672.0,4301089.66,36,38319.31,1,0.6439,1
APP00799,Bradley Johnson DDS,May Inc,48,Salaried,58339.1,23122.93,0,652.0,1389737.01,24,36160.89,1,0.6987,1
APP00800,Donald Medina,Jackson Group,38,Salaried,56384.89,18934.91,0,658.0,2509873.52,24,104470.37,0,0.3343,0
APP00801,Jim Newton,Turner-Reese,30,Salaried,121483.87,30954.77,0,697.0,1724481.04,36,89926.7,2,0.0286,0
APP00802,Krista Wilson,"Hall, Vega and Price",27,Salaried,57092.31,19947.1,0,694.0,3760042.28,84,40793.58,2,0.4995,0
APP00803,Reginald Morrow,Thomas-Berg,41,Salaried,50203.72,2420.63,0,754.0,3072481.81,36,52704.68,1,0.0101,0
APP00804,Rodney Williams,Roberts Group,42,Self-Employed,45807.66,4317.8,1,,1991009.45,48,103765.19,0,0.0155,0
APP00805,Kimberly Fritz,Gregory-Nixon,51,Self-Employed,148522.46,8836.58,0,642.0,8071782.94,120,144231.32,0,0.0352,0
APP00806,Ronald Potter,"Blanchard, Davis and Schmidt",49,Salaried,102494.58,19395.25,0,722.0,1868985.55,48,54605.3,1,0.0224,0
APP00807,Zachary Cole,Blanchard-Reynolds,37,Salaried,87758.85,21019.64,0,669.0,5503582.91,48,213567.17,1,0.2159,0
APP00808,Robert Gonzales,"Garrison, Rogers and Adams",26,Salaried,52655.43,4130.07,0,849.0,2891609.2,36,136128.42,0,0.0002,0
APP00809,Patricia Young PhD,Scott PLC,35,Self-Employed,90377.66,22352.04,0,811.0,1735074.24,48,76195.74,1,0.0029,0
APP00810,Heather Page,Murray-Leonard,40,Salaried,52904.55,9118.91,0,814.0,3747830.31,24,56242.58,2,0.0315,0
APP00811,Carol Taylor,Navarro PLC,36,Salaried,59946.21,10290.4,0,653.0,800391.45,12,53233.37,1,0.0377,0
APP00812,Daniel Brown,Meyer Ltd,32,Salaried,99133.39,20964.75,0,737.0,4927985.3,36,203794.18,1,0.0191,0
APP00813,Douglas Ryan,"Kaiser, Edwards and Smith",41,Salaried,105966.44,18863.57,0,761.0,2363613.13,60,108603.63,1,0.0053,0
APP00814,Michael Roberts,Decker Inc,33,Salaried,41720.32,6909.81,0,756.0,2301103.15,24,108238.48,1,0.0203,0
APP00815,Scott Duke,Davis-Garcia,32,Self-Employed,32004.47,1654.51,1,,519252.53,12,80097.46,0,0.0023,0
APP00816,Anna Estes,Bell-Hardy,41,Salaried,75084.45,5446.92,0,801.0,1266378.23,36,142623.71,1,0.0007,0
APP00817,Tamara Riddle,Lee-Johnson,34,Self-Employed,200028.9,9715.48,0,743.0,7996656.21,36,101946.79,0,0.0005,0
APP00818,Beth Cline,Brown PLC,40,Salaried,29847.1,3053.28,0,697.0,2138262.97,36,76725.04,3,0.3478,0
APP00819,Michael Poole,"Shannon, Robinson and Greene",41,Self-Employed,78982.03,22193.8,0,616.0,2258173.13,36,157453.05,0,0.2362,0
APP00820,Megan Burns,Erickson Inc,27,Self-Employed,20800.36,1959.64,0,745.0,1014052.77,12,48952.15,2,0.0193,0
APP00821,Debra Perry,Gates and Sons,33,Self-Employed,37845.26,5211.38,0,714.0,1631734.14,120,23947.51,0,0.0127,1
APP00822,Mark Beard,Douglas-Yoder,52,Salaried,64186.58,14050.55,0,745.0,4013405.52,36,129836.21,0,0.0873,0
APP00823,Jose Ramirez,"Pratt, Lopez and Rodriguez",26,Salaried,48931.68,8602.68,0,693.0,1434450.7,48,112087.94,3,0.0674,0
APP00824,Jackie Clements,King Group,21,Salaried,43255.53,5333.25,0,727.0,1959331.01,36,117366.4,1,0.0046,0
APP00825,Aaron Schroeder,"Mayer, Fowler and Livingston",21,Salaried,55178.66,12658.85,0,713.0,3809392.12,36,95313.47,0,0.0249,0
APP00826,Monica Ellis,Hammond-Schwartz,38,Salaried,54250.04,11620.78,0,765.0,1733568.12,12,85743.25,0,0.0082,0
APP00827,Heather Brown,"Carrillo, Morris and Martin",38,Self-Employed,22543.31,6470.57,0,680.0,864859.15,24,30187.94,1,0.3851,1
APP00828,Claudia Jordan,Ramirez Inc,37,Self-Employed,107022.93,12347.4,0,615.0,6991679.49,48,227235.42,2,0.2533,1
APP00829,Derrick Clayton,Price-Ferrell,50,Salaried,106120.94,13237.36,0,750.0,3390556.77,24,278810.63,1,0.0099,0
APP00830,Kenneth Knight,Sosa-Baker,21,Salaried,80379.7,14012.74,1,,2800462.89,84,146701.72,0,0.0019,0
APP00831,Mr. Michael Williams,Jones-Krause,42,Self-Employed,22361.61,2348.27,0,640.0,676374.41,24,22632.65,1,0.1334,0
APP00832,Richard Stevens,Bishop and Sons,54,Self-Employed,84751.16,1805.43,0,685.0,5133537.36,120,45608.09,0,0.0231,0
APP00833,Scott Alexander,"Vasquez, Thomas and Mack",27,Salaried,81263.86,18046.44,0,704.0,5511576.37,36,147933.14,2,0.1149,0
APP00834,Tyler Harris,Mendez Inc,34,Salaried,41323.79,14258.68,0,692.0,2060649.49,24,91008.36,0,0.2443,0
APP00835,Bonnie Santos,Baldwin-Garcia,30,Self-Employed,57115.58,9066.48,0,583.0,2822526.75,48,34964.01,1,0.2585,1
APP00836,Timothy Hill,Jones Ltd,29,Salaried,58459.95,9647.89,0,657.0,2069494.88,24,80128.33,3,0.147,0
APP00837,Danielle Watson,Waters-Smith,35,Salaried,152462.91,17180.79,0,788.0,1943753.42,12,410053.55,1,0.0005,0
APP00838,Carol Sanders,Hernandez-Bowman,52,Self-Employed,264442.53,87475.63,0,658.0,5933100.36,24,387158.56,1,0.2371,1
APP00839,Michael Young,Ortega LLC,56,Self-Employed,21443.62,780.21,0,735.0,447020.21,12,22140.84,0,0.0103,0
APP00840,Michele Smith,Graves Group,35,Self-Employed,346676.57,108615.61,0,706.0,6570533.35,84,404679.6,4,0.1183,1
APP00841,Casey Perez,"Smith, Zimmerman and Wise",57,Self-Employed,36227.51,11257.13,1,,1856400.38,12,46521.07,4,0.9457,1
APP00842,Alexandra Dominguez,Graham-Anthony,38,Salaried,107315.35,18083.28,0,771.0,2165724.43,120,77953.05,1,0.003,0
APP00843,Virginia Henderson,Fernandez Inc,56,Salaried,117039.44,13010.65,0,567.0,2005826.34,24,237867.28,0,0.1326,0
APP00844,Benjamin Reyes,Finley-Meyers,37,Salaried,43570.66,11580.21,0,799.0,1523007.61,24,74821.02,1,0.0183,0
APP00845,Ashley Edwards,Martinez-Nichols,39,Salaried,87210.14,22637.09,0,749.0,2349559.72,36,160837.6,0,0.0117,0
APP00846,Breanna Ayala,Cook-Turner,42,Salaried,68908.51,13524.38,0,853.0,1429964.07,24,125969.27,1,0.0015,0
APP00847,Brandi Haney,Chen Ltd,65,Salaried,97050.88,4377.5,0,666.0,2015520.98,60,51384.94,2,0.119,0
APP00848,Joseph Smith,Diaz LLC,47,Salaried,83896.97,30285.63,0,545.0,2296456.48,60,64364.69,3,0.9749,1
APP00849,Jessica Bowen,Randall LLC,31,Self-Employed,132850.25,19652.03,0,713.0,5873440.71,12,112435.54,1,0.0084,0
APP00850,Brittany Jenkins,"Harris, Spencer and Ponce",48,Salaried,78234.97,17685.53,0,700.0,4497394.73,48,51688.77,0,0.1157,0
APP00851,Shannon Miller,"Lee, Dominguez and Mosley",34,Salaried,60942.82,1983.45,0,769.0,3849550.62,84,140206.99,1,0.0033,0
APP00852,Paul Lawrence,"Barker, Tucker and Mcclure",33,Salaried,106279.94,4371.76,0,808.0,6066997.75,12,83310.95,0,0.0004,0
APP00853,Victor Edwards,Moss-Taylor,47,Salaried,98195.96,5456.26,0,721.0,4879631.9,60,207211.52,1,0.0123,0
APP00854,Donald Miller,Johnson PLC,38,Self-Employed,104734.43,24438.11,0,656.0,6960386.05,48,87517.31,3,0.591,0
APP00855,Lindsay Lawson,Burns Inc,41,Salaried,53018.1,16908.12,0,674.0,2289544.86,36,35462.97,4,0.8449,1
APP00856,Melissa Abbott,"Schneider, Porter and Hanna",38,Salaried,43124.9,1736.45,1,,2156305.72,36,38298.28,1,0.016,0
APP00857,Elizabeth Holmes,Levy-Smith,41,Self-Employed,43683.99,8133.13,0,642.0,1603081.71,24,70162.81,4,0.6726,0
APP00858,Nicole Phillips,Brown-French,42,Salaried,54696.53,18690.86,0,731.0,1730765.07,48,95858.9,2,0.2903,0
APP00859,Steven Blevins,Sullivan and Sons,21,Salaried,78345.06,2000.92,1,,2499419.33,36,195667.3,0,0.0005,0
APP00860,Brian Porter MD,"Contreras, Ellis and Gregory",45,Salaried,116048.79,41096.52,0,732.0,2425307.95,84,78444.66,2,0.1646,0
APP00861,Vanessa Hatfield,"Hernandez, Riley and Buckley",28,Salaried,56677.08,6808.39,0,707.0,3389054.67,48,108701.56,1,0.0201,0
APP00862,Bonnie Valencia,Moss Group,24,Salaried,109427.65,40088.75,0,537.0,1676659.81,24,217612.45,2,0.6956,1
APP00863,Holly Vega,"Smith, Meadows and Montgomery",37,Salaried,126248.96,16966.41,1,,6625685.89,60,150859.45,0,0.0103,0
APP00864,Tiffany Townsend,Haynes and Sons,39,Salaried,77935.35,16309.57,0,673.0,4977544.47,48,48796.78,0,0.1074,0
APP00865,Austin Baker,Jackson Inc,31,Salaried,43695.44,7005.07,0,718.0,1828466.46,48,35766.26,0,0.0111,0
APP00866,Antonio Mccormick,Hoover-Davis,46,Salaried,153654.47,15768.81,0,694.0,2491053.55,24,106251.31,0,0.0038,0
APP00867,Lori Mason,"Jackson, Garza and Meyers",25,Salaried,56720.99,5446.05,0,734.0,2138667.52,84,146768.08,0,0.0015,0
APP00868,Michael Miller,Wilson PLC,34,Self-Employed,65266.89,9230.34,0,651.0,2127282.58,48,87444.87,1,0.0423,0
APP00869,Lisa Ramirez,"Walker, Brock and Simmons",32,Salaried,54994.44,11450.43,0,642.0,3911883.95,60,89097.06,0,0.1934,0
APP00870,Jorge Harris,"Gregory, Nguyen and Daugherty",38,Salaried,46250.08,14752.13,1,,2473265.01,36,94141.98,1,0.3332,0
APP00871,Kimberly Myers,"Gardner, Morris and Oconnell",41,Salaried,36922.08,5277.99,0,655.0,2041111.14,48,48981.82,1,0.2029,0
APP00872,Sandra Becker,Duran PLC,28,Salaried,80799.38,28823.32,0,697.0,3470302.18,48,140924.97,0,0.0834,0
APP00873,Michael Blair,Rogers Inc,45,Salaried,52577.45,17359.99,0,653.0,2868881.21,48,30363.86,7,0.9937,1
APP00874,Amy Miller,Thomas-Perry,39,Self-Employed,540617.37,108671.13,0,700.0,29925473.76,36,827780.07,5,0.1998,1
APP00875,Jesse Lynch,"Wood, Martin and Sanchez",21,Self-Employed,23377.44,3971.49,0,757.0,373607.34,24,15857.61,1,0.0032,0
APP00876,Patrick Yang,"Williams, Garcia and Boone",21,Salaried,31234.12,7549.18,0,702.0,791984.56,24,30774.18,2,0.046,0
APP00877,Michael Miles,"Bennett, Moore and Hobbs",38,Salaried,86836.86,6009.49,1,,1109606.02,36,103394.51,0,0.0017,0
APP00878,Troy Mills,Smith and Sons,36,Self-Employed,178659.77,12893.05,0,822.0,7608841.78,60,395050.22,0,0.0002,0
APP00879,Michelle Jackson,Mann PLC,37,Salaried,70211.35,10058.95,0,724.0,4532001.3,36,142439.36,2,0.0669,0
APP00880,Richard Adams,Butler-Aguirre,38,Salaried,89297.89,12754.51,0,618.0,4337490.65,84,196331.2,0,0.0734,0
APP00881,Patricia Johnson,Schwartz-Harris,40,Salaried,30830.23,6940.56,0,655.0,1295253.37,24,17904.01,2,0.4931,0
APP00882,Denise Brown,"Nelson, Cole and Allen",47,Salaried,55751.63,8004.01,0,770.0,3766466.16,60,154461.54,0,0.0208,0
APP00883,Laura Jones,Bishop Inc,27,Self-Employed,25704.59,9735.01,0,626.0,574063.52,36,13253.43,2,0.7142,0
APP00884,Ian Porter,"White, Porter and Clements",26,Salaried,25200.99,1534.61,0,838.0,415218.0,36,62656.99,0,0.0001,0
APP00885,Holly Scott,"Serrano, Turner and Barnes",27,Self-Employed,59150.61,12252.59,0,715.0,3965358.8,84,124642.78,0,0.0282,0
APP00886,Kenneth Sharp,"Young, Wilson and Moreno",41,Salaried,26060.61,3715.7,0,734.0,1724349.98,12,47907.06,0,0.0479,0
APP00887,Jordan Williams,Montgomery PLC,50,Salaried,41712.41,13281.34,0,740.0,2209854.72,24,56014.58,2,0.5598,1
APP00888,Dana Ruiz,"Robinson, Townsend and Hopkins",34,Salaried,51611.38,20975.48,0,633.0,1381055.96,36,98401.91,3,0.8632,1
APP00889,Chris Velazquez,Brown-Rodriguez,21,Salaried,37835.76,2932.18,0,749.0,2655534.31,24,85455.78,0,0.0017,0
APP00890,Kristen Sloan,Jennings Group,21,Salaried,65740.62,2286.08,1,,3807748.11,36,54452.26,0,0.0019,0
APP00891,Jennifer Morris,Thompson-Santiago,30,Salaried,71627.35,9421.7,1,,3755684.96,36,166058.72,1,0.018,0
APP00892,Nathan Nelson,Brown LLC,32,Salaried,95800.1,17956.96,1,,2430896.78,36,60461.92,1,0.0132,0
APP00893,Jake Shaw,Clark-King,34,Self-Employed,101173.59,8816.62,0,772.0,4328747.7,120,169471.37,1,0.0018,0
APP00894,Cassie Brock,"Trujillo, Chang and Williams",38,Salaried,115334.26,14835.51,0,720.0,7076284.39,36,227995.69,1,0.0206,0
APP00895,Dr. Andrea Marshall,"Williams, Medina and Moore",35,Salaried,66492.57,9810.19,0,786.0,4229965.86,48,157308.1,2,0.0179,0
APP00896,Ryan Murphy,Washington Inc,48,Salaried,86690.74,27320.78,0,608.0,3960536.21,120,121067.92,0,0.6248,0
APP00897,Aimee Gonzalez,Jacobson Ltd,31,Salaried,79620.87,4923.64,0,639.0,3452968.65,84,84268.89,0,0.0107,0
APP00898,Elizabeth Dean,Watkins-Nguyen,29,Self-Employed,61837.59,6384.15,0,766.0,3330636.09,24,101260.22,1,0.004,0
APP00899,Kevin Snyder,Burgess LLC,43,Self-Employed,50358.42,5687.89,1,,2200407.88,60,53478.51,2,0.0721,0
APP00900,Christie Mccullough,Maxwell LLC,23,Self-Employed,40807.75,7996.61,0,694.0,1512370.43,12,67059.95,1,0.0262,0
APP00901,Danielle Smith,Garcia Ltd,42,Salaried,50062.32,15276.68,0,713.0,857324.22,36,70265.58,1,0.108,0
APP00902,David Reed,Kane-Bennett,39,Salaried,84443.08,13809.26,0,755.0,1651958.27,12,190066.98,1,0.005,0
APP00903,Sherry Tapia,Jones PLC,37,Salaried,65374.86,8183.38,0,637.0,3766672.29,48,67425.29,3,0.3567,0
APP00904,Matthew Sweeney,Brown-Graham,54,Salaried,56112.51,3271.42,1,,756387.83,12,54474.78,0,0.0073,0
APP00905,Ashley Moreno,Reilly Group,32,Salaried,47562.47,9027.56,0,703.0,720015.08,36,72556.99,2,0.0318,0
APP00906,Johnathan Brown,Hughes and Sons,59,Salaried,43864.59,5549.05,0,770.0,2907284.55,12,25733.11,1,0.0852,0
APP00907,Michelle Davis DVM,Cortez-Chen,36,Salaried,104663.73,9900.09,1,,5676942.55,60,107027.84,1,0.0138,0
APP00908,Kelly Haynes,Harris-Martinez,25,Salaried,60399.45,7525.44,0,704.0,740060.2,36,78400.09,1,0.0033,0
APP00909,William Miller,"Carroll, Ramirez and Rodriguez",39,Salaried,47374.78,4620.42,0,706.0,1455476.62,12,77469.35,1,0.0145,0
APP00910,Casey Wilkins,Ellis-Jackson,27,Self-Employed,95984.25,8390.25,0,747.0,5547804.06,84,107722.96,1,0.0033,0
APP00911,Keith Graham,Robinson-Phillips,30,Self-Employed,38334.16,4088.82,0,718.0,1420512.59,24,69008.28,1,0.0103,0
APP00912,Cynthia Green,Clarke Ltd,42,Salaried,38407.19,4785.04,0,699.0,1541198.53,12,97096.86,0,0.025,0
APP00913,Robert Haynes,"Whitehead, Lane and Tran",44,Self-Employed,137451.71,14791.88,0,779.0,5433183.26,36,241815.11,2,0.0056,0
APP00914,Emily Nelson,Miller PLC,32,Salaried,50317.89,13482.82,1,,1214073.22,24,53036.88,1,0.0544,0
APP00915,Dale Chan,Atkins-Robinson,48,Self-Employed,51637.46,8131.5,0,694.0,2854698.8,24,31157.21,1,0.1466,1
APP00916,Brittney Martin,Hood-Ramirez,50,Self-Employed,70760.63,4397.6,0,630.0,1286455.1,24,57706.14,1,0.0447,0
APP00917,Jason Herrera,"Patterson, Salas and Wright",52,Salaried,126463.29,10240.01,0,695.0,5366478.09,60,230921.54,0,0.0133,0
APP00918,Christine Parker,Riley-Snow,43,Self-Employed,67439.31,6120.63,0,767.0,1496973.9,24,142230.71,0,0.0015,0
APP00919,Bryan Moore,"Shah, Mcintyre and Villanueva",52,Self-Employed,29698.45,16622.07,0,610.0,439298.49,24,13349.38,5,0.9991,1
APP00920,Samantha Terry,Baird-Williams,21,Self-Employed,73166.44,9069.58,0,767.0,1506836.08,36,66152.31,0,0.0003,0
APP00921,Russell Murphy,Quinn-Gordon,35,Self-Employed,43083.95,7327.86,0,758.0,2764270.43,36,51155.48,0,0.016,0
APP00922,David Kelly,Schmidt-Mendoza,29,Salaried,144059.68,4754.63,0,870.0,3251262.73,48,184106.71,0,0.0,0
APP00923,Megan Green,"Nicholson, Chavez and Allen",39,Salaried,69814.81,9110.78,0,686.0,2003835.42,60,188992.43,0,0.0114,0
APP00924,Amanda Sullivan MD,"Mullins, Steele and Russell",32,Self-Employed,12185.17,4177.29,0,541.0,247184.45,12,10191.7,4,0.99,1
APP00925,Danielle Murray,Anderson LLC,36,Salaried,79129.7,8625.01,0,656.0,4441764.14,60,49102.59,1,0.0583,0
APP00926,Brenda Smith,Holland Inc,57,Salaried,181427.46,60905.81,0,657.0,7026132.31,120,208727.92,0,0.3719,0
APP00927,Vickie Anderson,Castillo LLC,36,Salaried,136925.66,11200.32,0,679.0,9395579.03,60,109801.9,0,0.0131,0
APP00928,Jacqueline Mccoy,Warner PLC,42,Salaried,164860.44,26599.17,0,731.0,8549575.71,120,123742.6,0,0.0087,0
APP00929,Lauren Green,"Silva, Bray and Ford",36,Salaried,42579.88,7317.73,0,784.0,1868548.11,24,59106.5,1,0.0101,0
APP00930,Alison Brown,Sawyer Group,39,Self-Employed,120246.83,12002.05,0,827.0,6180429.46,60,144632.67,0,0.0006,0
APP00931,Jill Anderson,Clarke LLC,38,Salaried,49877.56,8902.88,0,708.0,719509.9,24,33130.04,3,0.0711,0
APP00932,Sandra Rivera,"Marshall, Schultz and Dalton",42,Self-Employed,76927.41,20162.63,0,824.0,5311038.82,12,134411.36,1,0.0311,0
APP00933,Joel Jackson,Cruz Ltd,50,Self-Employed,28202.48,7619.72,0,673.0,1956851.21,120,42790.75,1,0.7711,0
APP00934,Samantha Foster,Schmidt-Phillips,54,Salaried,56587.14,20635.19,0,522.0,1616603.72,12,32053.19,5,0.9985,1
APP00935,Michael Thompson,Wolfe-Salazar,41,Salaried,52740.65,8135.93,0,760.0,2621090.35,120,129316.56,2,0.039,0
APP00936,Cody Ramirez,"Norton, French and Miller",44,Salaried,110838.82,31268.03,0,582.0,2672868.69,48,115367.53,1,0.5014,1
APP00937,Amanda Harvey,Fitzgerald-Brown,26,Self-Employed,94146.03,10613.07,0,688.0,4222289.97,120,257941.19,0,0.0046,0
APP00938,Edward Jenkins,"Cox, Williams and Reyes",37,Self-Employed,75256.95,29238.03,1,,4383517.96,120,171535.4,1,0.4658,1
APP00939,Amy Ramirez,Harvey-Diaz,47,Salaried,41185.95,3323.67,0,717.0,2816678.71,48,62655.28,1,0.0725,0
APP00940,Curtis Wilkerson,Wong Ltd,47,Salaried,65729.59,16103.22,0,687.0,2126550.37,120,61797.19,1,0.1601,0
APP00941,Lydia Pham,Castro and Sons,40,Salaried,50518.49,6772.74,0,659.0,2708312.41,60,121937.02,0,0.0673,0
APP00942,Virginia Casey,Zavala and Sons,47,Salaried,111848.02,11302.58,0,719.0,6150033.62,60,149016.8,1,0.0233,0
APP00943,Joshua Washington,"Wilson, Mendoza and Crosby",43,Self-Employed,151704.01,10612.77,0,800.0,3833397.81,60,133057.4,0,0.0003,0
APP00944,Kathryn Price,"Pitts, Warner and Mullins",50,Self-Employed,144019.2,40510.69,0,709.0,7163792.82,36,232554.68,0,0.1013,0
APP00945,Francis Robinson,Flores LLC,41,Salaried,50899.28,3679.52,0,674.0,2612419.49,12,84554.38,1,0.0457,0
APP00946,Paula Brown,"Frazier, Ramirez and Brown",34,Self-Employed,8780.17,2665.41,0,615.0,507885.25,12,19549.93,1,0.9094,1
APP00947,Kendra Wang DVM,Chavez-Mason,41,Salaried,32283.77,8367.82,1,,2324329.2,36,65281.69,3,0.7683,1
APP00948,Ariel Sandoval,Harrison PLC,21,Self-Employed,135255.0,22608.85,0,748.0,1949557.76,24,333470.27,0,0.0002,0
APP00949,Robert Stark,"Bryan, Lam and Hayes",42,Salaried,60376.81,22942.37,1,,1457393.77,24,114280.58,0,0.1713,0
APP00950,Zachary Robinson,Marsh-Dougherty,21,Salaried,39232.56,10384.93,0,602.0,812298.69,36,71669.3,4,0.2789,0
APP00951,Rebecca Kelly,Lopez Group,21,Self-Employed,157887.89,6059.34,0,597.0,3357650.64,48,271070.46,1,0.0044,0
APP00952,Sarah Thompson,Miller and Sons,43,Salaried,129261.06,26119.4,0,730.0,5074132.64,84,344988.28,1,0.0233,0
APP00953,Renee Wolfe,Mullen-Jones,43,Salaried,73959.23,18342.35,0,659.0,4786064.27,120,187750.09,0,0.2722,0
APP00954,Alyssa Haynes,Hill Ltd,26,Self-Employed,43770.56,5780.69,0,712.0,1703698.95,48,107193.34,4,0.0805,1
APP00955,Kristy Hart,Crawford and Sons,31,Salaried,59599.64,10286.75,0,679.0,3105667.29,48,132780.62,0,0.0304,0
APP00956,William Keith,"Crane, Johnson and Butler",52,Salaried,83764.57,18821.0,0,612.0,2897412.31,24,144536.8,3,0.7777,1
APP00957,Eric Henry Jr.,"Weaver, Anderson and Reed",33,Salaried,133335.55,21585.79,0,735.0,4157375.71,120,140848.5,0,0.0024,0
APP00958,Daniel Fox,Rojas-Smith,60,Salaried,91459.59,10480.73,0,874.0,5675443.68,36,231808.81,0,0.0024,0
APP00959,Thomas Harris,Brown and Sons,38,Salaried,95696.51,7045.41,0,769.0,4912374.62,36,48579.31,1,0.0031,0
APP00960,Mitchell Sellers,"Newman, Jenkins and Cooper",42,Salaried,122405.76,45082.4,0,673.0,4045965.27,48,106715.26,2,0.4884,0
APP00961,Erica Johnson,"Buchanan, Tucker and Wade",54,Self-Employed,30316.85,4407.43,1,,2026669.51,48,42432.02,0,0.1966,0
APP00962,Sylvia Schroeder,"Wilkinson, Wallace and Torres",39,Salaried,98104.96,23042.94,0,610.0,4111647.0,60,170170.58,0,0.191,0
APP00963,Shannon Yu,Villanueva LLC,28,Salaried,53230.02,7110.73,0,663.0,1240072.43,12,94491.05,0,0.0087,0
APP00964,Tom Foster,Mccormick and Sons,37,Self-Employed,10653.28,3076.53,0,526.0,436713.19,36,8563.92,2,0.9832,1
APP00965,Eric Taylor,Watson-Roberts,38,Salaried,26490.67,4131.26,0,800.0,1390282.27,12,18611.77,2,0.0276,0
APP00966,Travis Conner,Hernandez LLC,24,Self-Employed,25619.6,8081.36,1,,871751.76,12,22783.5,3,0.3728,1
APP00967,Marie Thompson,Huber-Montgomery,35,Salaried,84521.34,16537.93,0,744.0,5293324.81,48,104600.86,0,0.016,0
APP00968,Melissa Mcfarland,Joseph LLC,31,Self-Employed,62267.81,2269.41,0,723.0,2739076.33,36,32714.42,2,0.0066,0
APP00969,Courtney Chapman,Mcpherson Ltd,47,Salaried,82166.85,8389.95,0,642.0,3292087.71,60,173966.14,0,0.0456,0
APP00970,Eric Barker,"Conway, Bauer and Martin",38,Salaried,166067.33,29494.85,0,695.0,10549042.93,24,169375.18,1,0.0477,0
APP00971,Nicholas Rush,Williams LLC,35,Self-Employed,24885.38,4259.74,0,802.0,989817.84,12,31368.73,2,0.0181,0
APP00972,Jenna Gamble,"Martinez, Green and Lopez",37,Salaried,67363.25,19920.92,0,654.0,2483319.69,12,76762.12,4,0.7506,1
APP00973,Amanda Guzman,"Mann, Wade and Spence",40,Salaried,81051.75,22960.11,0,674.0,1477004.79,36,123808.02,0,0.059,0
APP00974,Tracy Walker,Watson PLC,44,Salaried,53112.07,10494.61,0,570.0,1792506.64,120,126817.67,3,0.8316,1
APP00975,Taylor Taylor,Ferguson Inc,28,Salaried,61554.66,7837.23,0,814.0,2205066.3,48,50343.64,0,0.0005,0
APP00976,Cynthia Haas,Sullivan Group,28,Salaried,29583.04,1620.29,0,723.0,675597.98,24,38895.72,1,0.0031,0
APP00977,Stephen Davis,Gould LLC,49,Salaried,142628.69,13823.99,0,630.0,6741971.7,120,302658.02,0,0.0495,0
APP00978,Margaret Tanner,Smith Ltd,34,Salaried,48363.86,5311.69,0,633.0,997771.77,12,27908.33,3,0.127,0
APP00979,Derek Wright,"Cantrell, Rivera and Thornton",24,Salaried,143377.38,18123.11,0,654.0,3644851.8,24,345856.07,0,0.0032,0
APP00980,David Rodriguez,Kemp-Montes,42,Salaried,71275.77,10360.39,0,705.0,3254844.93,36,191978.74,1,0.0404,0
APP00981,James Oconnor,"Estrada, Marsh and Chandler",43,Salaried,116179.48,9182.81,0,736.0,3269175.98,24,225306.7,1,0.0035,0
APP00982,Stacey Snyder,Morgan-Rodriguez,23,Salaried,55307.34,10549.8,0,676.0,2786389.43,36,144657.35,1,0.0429,0
APP00983,Joshua Garcia,Mccullough-Taylor,40,Salaried,69703.96,3263.04,1,,3724337.69,60,104331.54,0,0.0077,0
APP00984,Sean Curtis,"Wilson, Johnson and Williamson",45,Salaried,57512.64,4917.48,1,,1729831.98,24,84649.73,2,0.0358,0
APP00985,Carla Jones,Griffin Inc,42,Salaried,76307.83,11704.6,1,,1315795.91,24,53942.33,0,0.0081,0
APP00986,Elizabeth Flores,Brown-Davidson,44,Salaried,85355.65,6964.13,1,,3530916.44,48,48192.21,0,0.0087,0
APP00987,Angela Jackson,"Fox, Harrington and Wang",24,Salaried,40384.0,2123.56,0,900.0,709704.64,12,43697.24,0,0.0,0
APP00988,Nicholas Payne,Johnson PLC,41,Salaried,67587.8,24975.13,0,631.0,2900472.28,60,93412.62,2,0.8389,1
APP00989,Anna Wheeler,Rhodes-Rosario,35,Salaried,50572.56,10395.75,0,650.0,2810472.21,48,80277.16,1,0.2308,0
APP00990,Karen Johnson,"Foster, Henry and Morrison",33,Salaried,182672.78,20594.32,0,672.0,8991115.32,24,179949.54,0,0.0069,0
APP00991,Carmen Preston,"Harding, Kerr and Ward",47,Salaried,72632.18,19133.43,0,683.0,2825105.51,24,128149.92,1,0.2307,0
APP00992,Brian Harris,Baldwin Group,53,Self-Employed,202783.57,54698.04,0,561.0,13941677.09,24,167191.7,3,0.9664,1
APP00993,Michael Bowen,Hughes-Smith,56,Salaried,69252.34,11822.01,0,727.0,1253802.03,12,83327.29,1,0.0376,0
APP00994,Deborah Campbell,Bell-Madden,51,Salaried,84984.28,23614.62,0,579.0,5506989.34,24,72392.06,1,0.9025,1
APP00995,Anthony Armstrong,"Miller, Luna and Wallace",37,Salaried,37631.1,3427.84,0,731.0,2258156.74,24,80514.06,1,0.0238,0
APP00996,Brittany Ward,Lara-Roberts,42,Salaried,59144.71,10165.93,0,613.0,2199255.59,60,96847.9,2,0.3866,0
APP00997,Edward Stanley,"Waller, Coleman and Mosley",46,Salaried,83140.13,23325.04,1,,1760245.39,48,167275.67,1,0.099,0
APP00998,Christina Johnson,Houston PLC,39,Salaried,142601.18,18041.16,0,752.0,3044821.5,60,85908.41,1,0.0023,0
APP00999,Edgar Miller,Thomas LLC,39,Salaried,77187.87,27926.85,0,834.0,5195387.91,60,98845.43,0,0.0319,0
APP01000,Elizabeth Sanders,Mcneil-Fox,46,Salaried,140957.87,17353.52,0,652.0,3668045.24,84,385916.46,1,0.0338,0
