Applicant_ID,Full_Name,Employer_Name,Age,Employment_Type,Monthly_Net_Income,Gross_Income,Total_Deductions,Total_Existing_EMIs,Is_First_Loan,CIBIL_Score,Requested_Loan_Amount,Requested_Tenure_Months,Average_Monthly_Bank_Balance,Number_of_Bounced_Transactions_Last_6M,Cash_Flow_Month_1,Cash_Flow_Month_2,Cash_Flow_Month_3,Cash_Flow_Month_4,Cash_Flow_Month_5,Cash_Flow_Month_6
APP00001,Chris Curtis,Thompson-Valentine,38,Salaried,42014.33,51054.31,9039.97,1871.32,1,,775548.08,12,91065.72,3,98645.85,95613.8,92581.75,89549.7,86517.65,83485.6
APP00002,Joshua Diaz,"Parrish, Williams and James",41,Salaried,71630.68,90957.66,19326.97,27422.67,0,625.0,3095430.29,36,125657.58,4,134234.3,130803.61,127372.93,123942.24,120511.55,117080.87
APP00003,Jordan Johnson,Martinez-Moore,35,Salaried,91748.56,125746.37,33997.81,10999.98,0,822.0,6116920.75,84,138982.7,0,147221.05,143925.71,140630.37,137335.03,134039.68,130744.34
APP00004,Benjamin Davis,Brooks-Diaz,29,Salaried,76431.64,91169.09,14737.44,13254.52,0,699.0,2156223.36,36,181709.29,0,181811.75,181770.76,181729.78,181688.8,181647.82,181606.84
APP00005,Ronald Martinez,"Pratt, Boyd and Chavez",33,Self-Employed,212290.69,243985.68,31694.99,36272.7,1,,3668758.07,48,532610.21,3,558086.15,547895.77,537705.4,527515.02,517324.64,507134.27
APP00006,Mark Meza,Hill LLC,28,Salaried,112699.18,141602.93,28903.76,40925.43,1,,1748317.23,12,154832.41,2,175769.75,167394.81,159019.88,150644.94,142270.01,133895.07
APP00007,Jennifer Cherry,Neal-Cole,39,Self-Employed,43533.27,49489.8,5956.53,5639.25,0,681.0,2701598.51,48,50973.05,0,51565.87,51328.74,51091.62,50854.49,50617.36,50380.24
APP00008,Scott Roberts,Cross-Thompson,51,Salaried,72650.17,91539.61,18889.44,14938.3,0,663.0,4941865.09,120,185245.67,0,208379.57,199126.01,189872.45,180618.89,171365.33,162111.77
APP00009,Bruce Parker,"Hernandez, Frazier and Richardson",33,Self-Employed,24057.78,27875.45,3817.66,2087.84,0,697.0,954465.96,36,51765.69,1,53355.92,52719.83,52083.74,51447.65,50811.56,50175.46
APP00010,Catherine Perkins,"Keller, Dean and Mills",32,Salaried,71686.91,98219.92,26533.02,13574.73,1,,2177027.11,24,91445.72,0,103549.97,98708.27,93866.57,89024.87,84183.17,79341.47
APP00011,Jacqueline Kelley,King-Hawkins,43,Salaried,78294.05,92840.9,14546.85,30165.18,0,679.0,2806903.02,48,57501.49,4,67104.66,63263.39,59422.12,55580.85,51739.58,47898.31
APP00012,Anthony Harris,Duncan Inc,42,Self-Employed,436285.86,485476.63,49190.77,148194.11,0,595.0,9898084.45,48,538397.98,4,569184.63,556869.97,544555.31,532240.65,519926.0,507611.34
APP00013,Jessica Edwards,"White, Robbins and Hill",39,Salaried,72985.36,95943.64,22958.28,13560.2,0,765.0,2786398.61,36,106577.77,1,109535.58,108352.46,107169.33,105986.21,104803.09,103619.97
APP00014,Jody Evans,Scott-Baker,29,Salaried,24015.47,30796.84,6781.36,5292.81,0,708.0,968159.7,12,54159.36,0,55502.64,54965.33,54428.01,53890.7,53353.39,52816.08
APP00015,Melissa Sanchez,Davis-Fields,38,Salaried,51010.42,67462.95,16452.53,4733.69,0,678.0,2245099.78,48,109670.67,1,112837.76,111570.92,110304.09,109037.25,107770.42,106503.59
APP00016,Kelly Golden,Harris Group,45,Self-Employed,73563.73,87154.8,13591.07,5762.2,0,762.0,1346597.01,12,125515.79,0,113332.61,118205.88,123079.15,127952.42,132825.69,137698.96
APP00017,Donna Baird,Williamson-Watson,25,Salaried,33128.54,44574.34,11445.8,5293.62,0,670.0,2334437.5,60,84433.92,0,83788.41,84046.61,84304.82,84563.03,84821.23,85079.44
APP00018,Jason Sherman,Love Group,33,Salaried,43930.29,54340.97,10410.67,16210.88,0,570.0,2177175.88,12,70302.33,2,73424.89,72175.87,70926.84,69677.82,68428.8,67179.77
APP00019,John Williams,Williams-Mullins,21,Self-Employed,38709.22,43340.97,4631.75,12595.45,0,746.0,1794558.58,36,86189.37,2,95841.85,91980.86,88119.87,84258.88,80397.88,76536.89
APP00020,Pamela Berry,Jordan-Lawson,25,Salaried,67993.85,88381.7,20387.84,7608.58,0,623.0,4188297.28,48,42439.93,0,43932.23,43335.31,42738.39,42141.47,41544.56,40947.64
APP00021,Emily Dominguez,Gomez-Cruz,21,Salaried,51056.32,60573.02,9516.7,7779.27,0,743.0,762280.35,24,32989.22,1,36137.22,34878.02,33618.82,32359.63,31100.43,29841.23
APP00022,Lauren Bryant,"Anderson, Montgomery and Levine",36,Salaried,45155.83,58435.07,13279.24,5406.96,0,625.0,2130567.27,36,112452.48,1,117893.03,115716.81,113540.59,111364.37,109188.15,107011.92
APP00023,Theresa Wells,"Carpenter, Brown and Harris",25,Salaried,83101.16,108006.47,24905.31,6014.35,1,,2839219.56,24,187264.1,0,195371.29,192128.41,188885.54,185642.66,182399.79,179156.91
APP00024,Amy Miles,Miller Group,41,Salaried,56084.56,71266.47,15181.91,8355.82,0,684.0,2830385.89,24,59581.33,2,60749.44,60282.19,59814.95,59347.71,58880.46,58413.22
APP00025,Wendy Short,Long-Perry,40,Salaried,56452.69,76388.38,19935.7,8646.15,0,699.0,3855356.89,84,41765.59,0,41228.97,41443.62,41658.27,41872.92,42087.57,42302.22
APP00026,James Barnett,"Sherman, Johnson and Watkins",36,Salaried,36213.46,43046.24,6832.78,14942.1,0,527.0,585982.91,60,19520.31,2,21611.49,20775.02,19938.54,19102.07,18265.6,17429.13
APP00027,Joel Jackson,Mcconnell-Haynes,21,Salaried,38614.43,45563.75,6949.32,162.89,0,741.0,864727.24,12,50085.23,0,51443.23,50900.03,50356.83,49813.63,49270.43,48727.23
APP00028,Anthony Tate,Perry-Wells,33,Self-Employed,93109.62,111203.43,18093.8,5863.55,0,737.0,3078958.8,24,244752.3,0,281613.12,266868.79,252124.46,237380.13,222635.8,207891.47
APP00029,David Myers,Gonzales Group,38,Self-Employed,20222.58,23951.73,3729.15,2705.3,0,675.0,890384.98,120,18484.1,0,19328.98,18991.02,18653.07,18315.12,17977.17,17639.22
APP00030,Angela Cole,Hunt Inc,39,Salaried,67648.28,80037.14,12388.86,15204.31,1,,4174021.78,60,67406.02,1,69952.48,68933.9,67915.32,66896.73,65878.15,64859.57
APP00031,Sophia Fuentes,"Hall, Gonzalez and Weaver",23,Salaried,78246.82,103449.1,25202.28,30768.63,0,718.0,4383861.58,120,162108.71,2,172846.82,168551.57,164256.33,159961.08,155665.84,151370.59
APP00032,Diana Perry,"Carter, Rivera and Hughes",33,Salaried,54770.34,70789.02,16018.68,16207.11,0,661.0,2461587.77,36,44914.11,0,53411.93,50012.8,46613.68,43214.55,39815.42,36416.29
APP00033,Stephen Rosario,Wilson-Walker,28,Salaried,67699.87,81420.51,13720.64,13220.97,0,704.0,1595752.17,36,67076.02,2,80011.1,74837.07,69663.04,64489.01,59314.97,54140.94
APP00034,Christopher Hall,Duncan Inc,30,Salaried,37765.97,47431.71,9665.74,15830.36,1,,1594137.69,36,70630.43,3,79058.02,75686.98,72315.95,68944.92,65573.88,62202.85
APP00035,John Lawrence,Crawford and Sons,49,Self-Employed,172030.41,199239.67,27209.26,13517.45,1,,6606904.76,84,436489.34,1,473851.45,458906.61,443961.76,429016.92,414072.07,399127.23
APP00036,Aaron Barnes,"Gibson, Holloway and Gonzalez",30,Salaried,102456.52,132878.58,30422.07,26288.39,1,,1924412.65,36,255026.38,2,278631.95,269189.72,259747.5,250305.27,240863.04,231420.81
APP00037,Keith Benton,Webb-Brown,38,Salaried,76741.55,93155.72,16414.16,20236.41,0,796.0,5133410.77,48,40779.38,4,47145.26,44598.91,42052.56,39506.21,36959.85,34413.5
APP00038,Kaylee Williamson,"Adkins, Bridges and Taylor",47,Salaried,34329.38,40459.8,6130.43,12869.26,0,716.0,2144894.4,36,36935.31,2,39431.49,38433.02,37434.55,36436.08,35437.61,34439.14
APP00039,Amy Lam,Montoya-Wiggins,32,Salaried,40019.68,47543.09,7523.41,7473.87,0,746.0,1953056.78,24,73537.59,0,81988.25,78607.99,75227.73,71847.46,68467.2,65086.93
APP00040,Shelly Yates,Flores and Sons,37,Self-Employed,122833.1,137829.43,14996.33,32860.82,0,777.0,3293816.34,12,141477.83,1,153695.01,148808.14,143921.27,139034.4,134147.53,129260.66
APP00041,James Garcia,"Hendrix, Lopez and Ryan",39,Self-Employed,210655.62,237869.12,27213.5,46702.92,0,626.0,9817763.85,48,440726.91,2,454337.11,448893.03,443448.95,438004.87,432560.78,427116.7
APP00042,Amy Jones,"Baker, Edwards and Scott",39,Salaried,79824.23,96974.6,17150.37,16211.93,0,767.0,2506376.16,60,76265.14,1,79307.15,78090.34,76873.54,75656.74,74439.93,73223.13
APP00043,Christopher Peterson,Peters-Dixon,26,Self-Employed,128697.79,145693.75,16995.96,27244.19,0,654.0,6550207.92,48,231463.28,2,258583.67,247735.51,236887.36,226039.2,215191.04,204342.88
APP00044,Aaron Hernandez,Becker-Parker,39,Self-Employed,41496.4,46001.1,4504.7,14481.11,0,644.0,590649.98,24,31010.18,1,32434.96,31865.05,31295.13,30725.22,30155.31,29585.39
APP00045,Jack Johnson,Delacruz Group,52,Salaried,69446.92,86932.74,17485.82,10916.63,0,790.0,3346518.72,60,56068.57,0,56366.01,56247.03,56128.06,56009.08,55890.11,55771.13
APP00046,Lisa Hernandez,"Scott, Harris and Williams",23,Salaried,56679.27,70282.4,13603.13,7954.65,0,741.0,2583626.86,24,131451.22,0,139496.55,136278.42,133060.29,129842.16,126624.03,123405.9
APP00047,Gregory Diaz,"Pearson, Randolph and Douglas",47,Self-Employed,92447.83,104269.7,11821.87,11815.04,0,793.0,6242050.67,48,179051.17,1,180229.88,179758.4,179286.91,178815.43,178343.94,177872.45
APP00048,Samuel Kaiser,"Silva, Diaz and Solis",39,Salaried,35106.48,43858.45,8751.96,10284.39,0,574.0,1624220.17,24,57504.72,3,61990.32,60196.08,58401.84,56607.6,54813.36,53019.12
APP00049,John Miller,Bryant Ltd,32,Salaried,97842.04,132609.19,34767.15,7778.16,0,753.0,5768557.13,84,135278.84,0,137470.02,136593.55,135717.08,134840.61,133964.14,133087.67
APP00050,Grant Baker,"Beck, Daniel and Smith",58,Self-Employed,173514.19,204505.26,30991.07,22748.4,0,683.0,4393840.55,120,354018.47,1,352107.49,352871.88,353636.28,354400.67,355165.06,355929.45
APP00051,Candice Johnson,Ortiz PLC,46,Salaried,45098.82,54119.29,9020.46,7080.92,0,709.0,2036336.07,12,119737.86,0,128988.32,125288.14,121587.95,117887.77,114187.59,110487.41
APP00052,Kelsey Thomas,Johnson-Robinson,26,Self-Employed,20813.58,23067.79,2254.2,887.26,0,614.0,654065.62,24,29278.23,1,29051.2,29142.01,29232.82,29323.63,29414.44,29505.25
APP00053,Alyssa Rice,Carter-Page,39,Salaried,81785.68,105273.67,23487.99,20377.96,0,707.0,5816977.8,12,44286.43,4,50503.98,48016.96,45529.94,43042.91,40555.89,38068.87
APP00054,Sharon Horton,"Bishop, Sullivan and Luna",44,Salaried,55107.56,65711.16,10603.61,5374.57,1,,3827462.56,48,59982.25,0,63477.85,62079.61,60681.37,59283.13,57884.89,56486.65
APP00055,Jacob Jackson,Humphrey Inc,36,Salaried,23182.57,31140.52,7957.95,1662.82,0,680.0,619264.74,24,54809.36,0,56899.9,56063.68,55227.47,54391.25,53555.04,52718.82
APP00056,Kim Maxwell,Hamilton Ltd,45,Self-Employed,119763.16,135945.5,16182.34,16181.59,0,634.0,5917445.83,48,138903.23,1,136671.58,137564.24,138456.9,139349.56,140242.23,141134.89
APP00057,Daniel Cain,Williams Inc,37,Salaried,73146.34,101247.92,28101.58,11330.86,0,644.0,1190343.59,24,161015.17,2,176557.29,170340.44,164123.59,157906.74,151689.9,145473.05
APP00058,Dr. Renee Cardenas,"Crawford, Smith and Griffith",45,Salaried,60360.01,75243.97,14883.96,10452.65,1,,2710072.68,36,55655.29,2,60582.85,58611.82,56640.8,54669.78,52698.76,50727.74
APP00059,Cristina Holmes,"Owen, Jimenez and Craig",52,Salaried,195749.71,251047.71,55298.01,28364.09,0,691.0,13917941.48,60,361523.39,2,397750.6,383259.71,368768.83,354277.95,339787.06,325296.18
APP00060,Allen Johnson,"Goodman, Pham and Ferguson",31,Self-Employed,63371.73,70020.99,6649.26,12381.07,0,670.0,1291558.33,12,80859.44,2,90021.0,86356.38,82691.75,79027.12,75362.49,71697.87
APP00061,David Schwartz,Thomas Ltd,40,Self-Employed,37916.28,42290.16,4373.87,4725.76,0,744.0,2114539.68,36,65138.75,1,64668.13,64856.38,65044.63,65232.87,65421.12,65609.37
APP00062,Jillian Giles,Black Group,33,Salaried,67922.4,82187.55,14265.14,4542.24,0,680.0,2916071.36,24,94311.81,4,94187.6,94237.28,94286.96,94336.65,94386.33,94436.02
APP00063,Tina Diaz MD,Harris Inc,39,Self-Employed,30661.0,36646.86,5985.86,11790.08,0,660.0,2195446.56,36,49124.99,3,51906.99,50794.19,49681.39,48568.6,47455.8,46343.0
APP00064,Craig Harris,Perry Ltd,26,Salaried,41967.09,58228.17,16261.08,8109.56,0,749.0,1532142.32,36,89015.9,1,91136.58,90288.31,89440.04,88591.77,87743.5,86895.22
APP00065,Stephanie Pittman,Mccarthy-Ramos,32,Salaried,76242.38,99393.11,23150.72,15653.98,0,723.0,4699117.44,24,154072.69,1,156079.93,155277.03,154474.14,153671.24,152868.34,152065.45
APP00066,Matthew Marsh,Moore-Brown,36,Salaried,52503.76,68326.29,15822.53,1722.64,0,796.0,2509266.1,120,81380.86,0,83080.68,82400.75,81720.83,81040.9,80360.98,79681.05
APP00067,Matthew Browning,"Anderson, Moore and Griffin",47,Salaried,61734.85,82218.65,20483.8,8926.13,0,627.0,3703815.91,36,33931.38,2,37063.21,35810.48,34557.74,33305.01,32052.27,30799.54
APP00068,Nicole Woods,Baxter LLC,49,Salaried,160262.34,202182.51,41920.17,27520.52,0,682.0,10117607.72,84,376198.05,3,434201.95,411000.39,387798.83,364597.27,341395.71,318194.15
APP00069,Richard Cook,"Castro, Moore and Barr",25,Salaried,85836.48,117814.86,31978.38,6791.73,0,716.0,4366612.44,48,63205.81,0,59315.14,60871.41,62427.68,63983.94,65540.21,67096.48
APP00070,Valerie Foster,Dunn-Lewis,30,Salaried,89589.44,109304.47,19715.03,9062.88,0,725.0,2956254.24,12,123181.65,1,129844.11,127179.12,124514.14,121849.15,119184.17,116519.18
APP00071,Travis Hardy,"Whitney, Myers and Johnson",44,Salaried,93849.71,128305.9,34456.19,5844.23,1,,4482950.14,84,224767.22,2,245644.41,237293.53,228942.66,220591.79,212240.91,203890.04
APP00072,Cameron Hernandez,Moore-Carter,21,Salaried,68389.81,80702.6,12312.79,1934.2,0,677.0,4062947.32,60,198819.51,2,215663.85,208926.11,202188.37,195450.64,188712.9,181975.16
APP00073,Renee Thomas,"Gardner, Davis and Marshall",33,Self-Employed,163554.6,189277.07,25722.47,44821.76,0,673.0,10013891.29,48,326935.74,1,343129.35,336651.9,330174.46,323697.01,317219.57,310742.12
APP00074,Veronica Sandoval,"White, Cook and Morales",37,Self-Employed,61157.48,70952.74,9795.26,14170.07,0,755.0,3052048.05,36,42451.7,1,45881.1,44509.34,43137.58,41765.82,40394.06,39022.3
APP00075,Joshua Anderson,Poole Inc,51,Salaried,174298.31,231969.54,57671.22,12447.39,1,,6858211.1,84,489420.33,0,493195.93,491685.69,490175.45,488665.21,487154.97,485644.74
APP00076,Wesley Santos,"Mclean, Ferrell and Ayers",45,Salaried,48749.12,58989.15,10240.03,13149.25,0,621.0,830441.69,36,26084.78,1,27393.36,26869.93,26346.5,25823.06,25299.63,24776.19
APP00077,Taylor Hamilton,"Jones, Burns and Smith",35,Salaried,59334.24,73659.19,14324.94,5807.68,0,770.0,1123871.26,12,33391.55,0,31582.41,32306.06,33029.72,33753.37,34477.03,35200.68
APP00078,Samantha Clark,Preston-Durham,34,Salaried,35343.38,48396.2,13052.82,13985.23,0,747.0,1792888.46,12,66316.93,0,73641.55,70711.7,67781.86,64852.01,61922.16,58992.31
APP00079,Edward Allen,Washington LLC,35,Self-Employed,47560.48,53163.05,5602.57,3389.72,0,723.0,1699723.5,24,128272.3,0,127496.44,127806.79,128117.13,128427.47,128737.81,129048.15
APP00080,Deanna Barnes,"Silva, Avila and Harris",53,Salaried,95496.16,117675.77,22179.61,18376.06,0,713.0,5023499.9,36,181317.89,1,196380.59,190355.51,184330.43,178305.35,172280.27,166255.19
APP00081,Thomas Gomez,Nelson-Orozco,34,Self-Employed,165015.93,190770.71,25754.78,28708.21,0,659.0,7136530.43,36,405101.2,1,432490.2,421534.6,410579.0,399623.4,388667.8,377712.2
APP00082,Kevin Strong,Riley LLC,35,Salaried,49375.59,68428.87,19053.28,8601.95,0,711.0,1774018.5,48,95531.29,0,89934.06,92172.96,94411.85,96650.74,98889.63,101128.52
APP00083,Thomas Shaw,Carpenter Inc,42,Salaried,72497.85,89834.53,17336.69,11926.98,0,790.0,1759923.83,36,47343.23,0,46837.3,47039.67,47242.05,47444.42,47646.79,47849.17
APP00084,Kelly Smith,Cooper and Sons,37,Self-Employed,48215.82,53778.51,5562.7,8743.16,0,740.0,3029697.78,12,89801.77,2,98014.85,94729.62,91444.39,88159.15,84873.92,81588.69
APP00085,Clayton Smith,"Evans, Jackson and Bell",36,Salaried,48322.83,57943.42,9620.59,8370.83,0,732.0,1367543.02,24,106610.83,0,106294.75,106421.18,106547.62,106674.05,106800.48,106926.91
APP00086,Carrie Wells,Wright-Newton,27,Self-Employed,23703.79,28456.89,4753.1,2109.74,0,720.0,1182042.93,24,39295.47,0,39757.02,39572.4,39387.78,39203.16,39018.54,38833.92
APP00087,Kristie Nguyen,Rodriguez LLC,38,Salaried,70935.16,86837.87,15902.71,4500.3,0,629.0,1284289.04,36,156365.09,1,152877.29,154272.41,155667.53,157062.65,158457.77,159852.89
APP00088,Kristi Mueller,Cummings Group,34,Salaried,30145.94,40014.43,9868.5,10314.33,0,687.0,2104270.6,36,41731.48,2,46590.53,44646.91,42703.29,40759.67,38816.06,36872.44
APP00089,Justin Wright,Burgess Inc,50,Self-Employed,74281.13,82131.85,7850.73,6554.85,0,748.0,1571505.42,12,53739.24,1,54358.16,54110.59,53863.03,53615.46,53367.9,53120.33
APP00090,Raymond Romero,Larson Group,45,Salaried,75508.58,95062.56,19553.98,17785.74,0,731.0,3188906.51,60,176886.05,3,197099.42,189014.07,180928.73,172843.38,164758.03,156672.68
APP00091,Olivia Gaines,Johnson PLC,38,Salaried,51340.56,66326.25,14985.69,14205.23,1,,3117222.03,24,44971.36,0,46484.99,45879.54,45274.09,44668.64,44063.19,43457.74
APP00092,Lonnie Wagner,"Davis, Lucas and Anderson",45,Salaried,47461.14,62907.28,15446.14,15868.32,0,632.0,1232551.73,36,39993.2,6,47949.2,44766.8,41584.4,38402.0,35219.6,32037.2
APP00093,Melissa Chavez,"Hood, Jones and Luna",35,Salaried,35695.17,46505.52,10810.35,5910.61,0,766.0,1810236.0,12,26965.47,1,29013.41,28194.24,27375.06,26555.88,25736.7,24917.53
APP00094,Karen David,"Martin, Jackson and David",49,Salaried,175543.12,220785.04,45241.93,44596.39,0,646.0,6404500.51,60,209313.06,0,214774.77,212590.09,210405.4,208220.72,206036.03,203851.34
APP00095,Sherri Dunlap,Smith-Newman,38,Self-Employed,24527.09,27340.71,2813.62,1692.49,0,810.0,1710527.76,12,35644.58,0,34210.93,34784.39,35357.85,35931.3,36504.76,37078.22
APP00096,Justin Harding,Turner-Green,44,Self-Employed,200098.28,227989.16,27890.87,21986.59,0,754.0,4007256.83,84,188391.86,2,205957.65,198931.34,191905.02,184878.7,177852.38,170826.06
APP00097,Breanna Martinez,Koch Inc,25,Salaried,76376.59,96721.04,20344.45,11165.99,0,778.0,1793682.07,24,64239.47,2,69826.19,67591.5,65356.81,63122.12,60887.43,58652.74
APP00098,Benjamin Allen,Crawford PLC,41,Salaried,60696.62,75035.47,14338.85,13935.45,0,725.0,2713762.5,48,87475.59,2,92731.58,90629.18,88526.79,86424.39,84321.99,82219.59
APP00099,Michael Bowers,"Wilson, Mcdonald and Martin",21,Self-Employed,22243.93,24750.33,2506.4,2477.97,0,760.0,1176307.82,36,11142.22,0,11707.3,11481.27,11255.23,11029.2,10803.17,10577.13
APP00100,Brittany Moran,"Williams, Scott and Avery",21,Salaried,87922.46,119623.96,31701.5,16250.64,1,,4092900.77,60,138014.2,1,138665.3,138404.86,138144.42,137883.98,137623.53,137363.09
APP00101,Brenda Andrade,Powell-Harris,35,Self-Employed,203039.23,226884.59,23845.36,19704.55,0,681.0,4660038.0,60,148273.21,1,148541.57,148434.23,148326.88,148219.54,148112.19,148004.85
APP00102,Colleen Cisneros,Kerr Ltd,29,Salaried,40461.5,50520.14,10058.64,14106.59,0,706.0,1675976.6,12,27863.14,2,33615.97,31314.84,29013.71,26712.58,24411.44,22110.31
APP00103,John Fritz,"Shaw, Macdonald and Smith",40,Self-Employed,52125.8,59641.8,7516.0,6684.32,0,779.0,828461.26,24,39015.0,1,41859.05,40721.43,39583.81,38446.19,37308.57,36170.95
APP00104,Candice Reynolds,Freeman Ltd,60,Salaried,121391.11,146522.99,25131.88,4443.77,0,699.0,6360222.96,60,311822.1,0,329732.89,322568.58,315404.26,308239.95,301075.63,293911.31
APP00105,Gina Gonzalez,"Clark, Manning and Miller",30,Self-Employed,71787.04,84553.47,12766.42,23719.55,0,603.0,2278214.38,60,152151.91,2,159759.9,156716.71,153673.51,150630.32,147587.12,144543.92
APP00106,Nathan Smith,Hernandez LLC,32,Self-Employed,236208.94,263194.14,26985.2,42433.51,1,,16455870.34,48,636748.24,1,637186.72,637011.33,636835.94,636660.55,636485.16,636309.77
APP00107,Jessica Smith,Coleman PLC,40,Self-Employed,43106.79,51007.88,7901.08,6589.65,0,720.0,1551898.01,12,100097.31,1,110386.28,106270.69,102155.1,98039.51,93923.93,89808.34
APP00108,Marcus Hunt,"Rodriguez, Hudson and Martinez",43,Salaried,93367.49,110286.84,16919.36,23478.23,0,748.0,1409618.21,24,144070.62,0,153412.8,149675.93,145939.06,142202.18,138465.31,134728.44
APP00109,William Kramer,"Lane, Young and Larson",36,Self-Employed,25516.22,28096.95,2580.73,9881.44,0,700.0,324679.92,36,30531.7,2,33643.57,32398.82,31154.07,29909.33,28664.58,27419.84
APP00110,Ashley Baker,"Page, Brown and Sanchez",36,Salaried,173023.13,221037.93,48014.8,55768.04,0,627.0,5496051.64,12,284753.57,2,315523.18,303215.33,290907.49,278599.64,266291.8,253983.95
APP00111,Richard Nelson,"Rogers, Garcia and Lewis",45,Salaried,53847.96,68999.45,15151.49,15681.98,0,711.0,1491593.26,12,95463.33,1,97891.64,96920.32,95949.0,94977.67,94006.35,93035.03
APP00112,Jay Pruitt,"Thompson, Torres and Miller",43,Salaried,27083.56,34266.86,7183.3,12376.41,0,733.0,1869710.65,120,62087.93,1,64157.53,63329.69,62501.85,61674.02,60846.18,60018.34
APP00113,Deanna Hernandez,Vargas-White,28,Salaried,57431.03,78591.78,21160.75,28817.89,0,639.0,3378048.78,48,57562.22,1,60904.38,59567.52,58230.65,56893.79,55556.92,54220.06
APP00114,Laura Graves,Bentley-Jenkins,37,Salaried,64052.35,85124.08,21071.73,9881.67,0,711.0,2180694.08,48,163069.2,0,157354.35,159640.29,161926.23,164212.17,166498.1,168784.04
APP00115,Anthony Watts,Johnson-Kramer,38,Self-Employed,239860.77,283628.85,43768.08,18557.36,0,673.0,6620600.0,60,663435.4,0,638882.85,648703.87,658524.89,668345.91,678166.93,687987.96
APP00116,Benjamin Mays,Gross Ltd,27,Salaried,51472.21,68745.64,17273.43,5234.82,0,783.0,826954.07,12,141012.41,0,143229.29,142342.54,141455.79,140569.04,139682.29,138795.54
APP00117,Rebecca Miller,Hernandez LLC,41,Salaried,71094.34,95641.5,24547.16,12603.74,1,,1380316.12,36,133758.04,0,139520.88,137215.74,134910.61,132605.47,130300.33,127995.2
APP00118,Andrea Roy,Harris and Sons,29,Salaried,80455.91,107981.99,27526.08,10092.79,1,,4549488.14,36,153654.26,0,161581.97,158410.89,155239.81,152068.72,148897.64,145726.56
APP00119,Gerald Tran,"Rivera, Daugherty and Osborn",48,Self-Employed,208693.41,248257.05,39563.65,19020.8,0,752.0,3214991.58,36,595737.69,2,607937.07,603057.32,598177.57,593297.81,588418.06,583538.31
APP00120,Debra Anderson,Johnson-Fox,40,Salaried,68692.4,91397.73,22705.33,7057.56,0,773.0,4059782.2,36,100022.41,1,99362.79,99626.64,99890.49,100154.34,100418.18,100682.03
APP00121,Cynthia Rodriguez,Odonnell-Walton,39,Salaried,111510.1,134948.11,23438.01,20123.41,0,676.0,3978991.72,120,247521.36,1,246760.91,247065.09,247369.27,247673.45,247977.63,248281.81
APP00122,Anthony Harris,"Brown, Delacruz and Williams",32,Self-Employed,83713.76,96232.3,12518.55,29182.41,0,647.0,4435519.17,48,48396.6,2,53680.54,51566.96,49453.39,47339.82,45226.24,43112.67
APP00123,Eric Malone,Buchanan-Davis,37,Salaried,59688.46,78679.78,18991.32,15853.51,1,,2923836.66,48,56734.62,1,61098.51,59352.96,57607.4,55861.84,54116.29,52370.73
APP00124,Jonathan Thompson,"Mata, Aguilar and Pratt",21,Salaried,56953.36,72660.03,15706.67,1330.74,0,701.0,1055191.11,12,99038.74,0,97978.18,98402.41,98826.63,99250.85,99675.08,100099.3
APP00125,Albert King,Chambers-Reese,27,Salaried,60728.56,77461.31,16732.74,4774.08,1,,3482318.88,48,136551.91,0,129383.4,132250.81,135118.21,137985.62,140853.02,143720.42
APP00126,Nicholas Arnold,Green Ltd,42,Salaried,47892.49,59251.61,11359.12,12224.42,0,691.0,3096299.8,24,39578.63,4,44080.27,42279.62,40478.96,38678.31,36877.65,35076.99
APP00127,John Michael,Conway-Mcgee,21,Self-Employed,116932.81,130413.26,13480.45,8777.93,1,,2178095.23,24,286764.41,1,293281.38,290674.59,288067.8,285461.02,282854.23,280247.45
APP00128,Robert Reynolds,"Garza, Graham and Bryan",46,Salaried,40538.73,55327.89,14789.16,12617.32,1,,2847711.46,36,66299.36,0,71538.0,69442.54,67347.09,65251.63,63156.17,61060.71
APP00129,Ruben Long MD,"Evans, Woodward and Schmidt",21,Salaried,93163.8,116082.88,22919.08,11129.09,0,730.0,5624770.93,24,73535.14,1,74820.83,74306.55,73792.28,73278.0,72763.72,72249.45
APP00130,Vickie Cooper,"Wilson, Schmitt and Cobb",46,Salaried,116195.67,137230.52,21034.84,22111.9,0,654.0,5613843.65,60,62741.2,0,62532.45,62615.95,62699.45,62782.95,62866.45,62949.95
APP00131,Michelle Fields,Christensen-Abbott,30,Salaried,59865.1,74513.25,14648.15,21741.52,0,751.0,3218578.93,48,73263.38,2,83637.73,79487.99,75338.25,71188.52,67038.78,62889.04
APP00132,Gregory Brown,Gonzalez Group,46,Salaried,53588.63,74415.93,20827.29,5759.77,0,804.0,791615.49,48,129548.44,0,119994.92,123816.33,127637.74,131459.14,135280.55,139101.96
APP00133,Benjamin Yang,"Young, Vasquez and Odonnell",39,Salaried,63083.47,74431.45,11347.98,15932.09,0,672.0,1617071.71,12,162139.18,0,174502.46,169557.15,164611.84,159666.52,154721.21,149775.9
APP00134,Christopher Miller,"Preston, Williams and Alvarado",23,Self-Employed,71702.39,86086.74,14384.35,11722.21,0,800.0,4758196.69,48,157974.76,2,161769.53,160251.62,158733.71,157215.8,155697.89,154179.98
APP00135,Sheila Lambert,Leon-Vega,50,Salaried,105653.32,128008.25,22354.92,34082.35,0,730.0,6738546.18,120,94156.59,0,98839.41,96966.28,95093.15,93220.03,91346.9,89473.77
APP00136,David Carter,Petersen-Sullivan,52,Salaried,86047.58,101766.01,15718.43,5114.97,0,735.0,2156497.72,36,229015.38,1,234479.78,232294.02,230108.26,227922.5,225736.74,223550.98
APP00137,Christopher Griffin,Perez Ltd,37,Salaried,106581.07,147864.13,41283.06,15616.75,0,826.0,4777160.17,24,87944.19,1,95106.79,92241.75,89376.71,86511.67,83646.62,80781.58
APP00138,Vernon Kaufman,Alvarado-Strong,35,Self-Employed,40953.58,46030.64,5077.06,2299.06,0,582.0,1337703.21,36,59408.27,1,62923.47,61517.39,60111.31,58705.23,57299.15,55893.07
APP00139,Dana Sheppard,Mcguire-Smith,36,Self-Employed,72180.31,86537.59,14357.27,24235.85,0,577.0,1676286.59,12,130433.27,2,137840.66,134877.7,131914.75,128951.79,125988.84,123025.89
APP00140,Howard Smith,Munoz-Tapia,28,Salaried,30006.77,36756.19,6749.42,5178.69,0,767.0,1767348.68,36,36878.52,0,38003.43,37553.47,37103.5,36653.54,36203.58,35753.61
APP00141,John Shaw,Barnes-Jacobs,49,Self-Employed,117332.92,132970.65,15637.73,44285.75,0,620.0,6165582.69,60,125875.02,4,146437.77,138212.67,129987.57,121762.47,113537.37,105312.27
APP00142,Jonathan Smith,Thomas-Gardner,33,Salaried,69531.29,96251.11,26719.81,14998.44,0,649.0,1120025.65,48,98172.06,1,98912.66,98616.42,98320.18,98023.95,97727.71,97431.47
APP00143,Brandon Ross,Gomez Group,37,Self-Employed,46350.52,52085.58,5735.07,10831.47,0,789.0,2415400.77,36,113007.16,1,115090.82,114257.36,113423.89,112590.43,111756.96,110923.5
APP00144,Alexander Torres,"Johnson, Rogers and Riddle",30,Salaried,105283.84,141626.4,36342.56,17771.29,0,724.0,1342806.32,36,161043.47,2,171073.12,167061.26,163049.4,159037.55,155025.69,151013.83
APP00145,Kevin Rice,Haynes Group,32,Salaried,87465.2,118024.6,30559.39,11398.79,0,627.0,1552454.07,12,58750.21,2,61933.57,60660.23,59386.88,58113.54,56840.19,55566.85
APP00146,Mary Baldwin,Guerrero-Roman,25,Self-Employed,7380.31,8396.55,1016.24,1916.29,0,644.0,271949.22,120,8923.9,2,8896.87,8907.68,8918.49,8929.3,8940.11,8950.92
APP00147,Jean Nguyen,Robinson Ltd,51,Salaried,76994.53,92290.06,15295.53,20018.59,0,732.0,1086478.94,12,131632.61,2,143490.0,138747.05,134004.09,129261.13,124518.18,119775.22
APP00148,Mrs. Misty Day,Bennett and Sons,36,Self-Employed,22119.22,26114.21,3994.99,3613.06,0,816.0,955541.86,48,37622.95,1,38584.34,38199.78,37815.22,37430.67,37046.11,36661.56
APP00149,Russell Mcclain,Nelson-Rosario,48,Salaried,122215.25,147323.27,25108.02,25228.4,0,573.0,6475507.42,60,316738.08,2,333879.45,327022.9,320166.35,313309.8,306453.25,299596.7
APP00150,Morgan Burnett,Jackson-Bell,38,Salaried,211569.26,263784.39,52215.12,21753.94,0,736.0,5820460.93,60,355509.7,1,393229.27,378141.44,363053.62,347965.79,332877.97,317790.14
APP00151,Joseph Gordon,"Macias, Horne and Parker",31,Salaried,50086.68,60799.36,10712.68,8496.5,0,674.0,2696232.1,36,113494.93,2,132301.09,124778.62,117256.16,109733.69,102211.23,94688.77
APP00152,Regina Mckenzie,Sosa-Hunter,35,Self-Employed,63742.32,75894.93,12152.6,11402.62,0,577.0,1037865.9,12,137878.5,3,150340.38,145355.63,140370.88,135386.13,130401.37,125416.62
APP00153,Stephanie Vega,"Lopez, Rivas and Martin",32,Salaried,57230.63,70342.15,13111.53,3910.25,0,732.0,990289.56,36,92070.6,0,88857.89,90142.97,91428.06,92713.15,93998.23,95283.32
APP00154,Crystal Johnson,"Smith, Castaneda and Garcia",38,Self-Employed,80216.38,92502.79,12286.41,8409.3,0,612.0,3360351.99,24,117642.65,2,123813.34,121345.07,118876.79,116408.51,113940.24,111471.96
APP00155,Isaac Garcia,Gibson Ltd,34,Self-Employed,93817.7,109402.55,15584.85,34500.36,0,635.0,1286158.99,48,126343.35,2,141695.85,135554.85,129413.85,123272.85,117131.85,110990.85
APP00156,Kristin Burton,Doyle-Lowe,35,Salaried,118770.23,145590.94,26820.71,29154.83,1,,6828771.44,84,83220.8,3,94641.01,90072.93,85504.84,80936.75,76368.66,71800.58
APP00157,Melanie Burns,"Navarro, Mullins and Wade",24,Salaried,36855.71,47493.68,10637.97,6967.37,0,753.0,2413577.77,24,23899.36,0,23490.58,23654.09,23817.6,23981.12,24144.63,24308.14
APP00158,Robert Goodman,Mcfarland LLC,30,Self-Employed,170511.04,199663.43,29152.39,38496.2,0,764.0,2115085.22,24,118813.09,0,123822.0,121818.44,119814.88,117811.31,115807.75,113804.19
APP00159,Kimberly Hopkins,"Perry, Robertson and Rivera",55,Salaried,49729.87,68872.34,19142.47,14274.19,1,,2981276.84,48,35199.91,0,39226.97,37616.15,36005.32,34394.49,32783.67,31172.84
APP00160,Norman King,Rosario-Cox,31,Salaried,71649.42,90244.08,18594.66,11832.57,0,733.0,3308684.65,60,46355.67,1,46883.86,46672.58,46461.31,46250.03,46038.75,45827.47
APP00161,Derek Daniel,"Fletcher, Parks and Pace",27,Salaried,100974.74,125386.37,24411.63,6766.74,0,754.0,7116415.9,24,145453.06,3,155767.25,151641.57,147515.9,143390.22,139264.55,135138.88
APP00162,Patrick Daugherty,"Brown, Pena and Snyder",41,Salaried,98557.18,122492.01,23934.83,3842.62,0,678.0,5916494.43,84,84213.66,0,82983.42,83475.51,83967.61,84459.7,84951.8,85443.89
APP00163,James Mendoza DDS,"Cherry, Brown and Davenport",52,Salaried,49572.1,63771.36,14199.25,11487.36,1,,3281559.02,60,129059.13,1,129317.98,129214.44,129110.9,129007.36,128903.82,128800.28
APP00164,Lisa Day,"Wilson, Bennett and Collins",23,Salaried,41306.77,51061.91,9755.15,8981.96,1,,2613822.05,48,55813.87,2,56442.89,56191.28,55939.67,55688.06,55436.45,55184.84
APP00165,Charles King,"Vance, Daniel and Brady",36,Self-Employed,44315.4,50466.54,6151.14,3102.63,0,684.0,2799826.69,60,21871.07,1,21990.54,21942.75,21894.96,21847.18,21799.39,21751.6
APP00166,Elizabeth Bradley,Vaughan Group,32,Self-Employed,56200.5,65341.75,9141.25,26469.66,0,581.0,3228504.4,120,92436.22,5,110159.66,103070.28,95980.91,88891.53,81802.15,74712.78
APP00167,Antonio Adams,Smith LLC,21,Salaried,92154.1,122186.38,30032.28,14786.37,0,784.0,6116707.99,36,193954.23,1,222758.65,211236.88,199715.11,188193.35,176671.58,165149.81
APP00168,Melissa Lowe,Lopez PLC,45,Salaried,41825.36,55325.49,13500.13,3040.14,0,831.0,719191.66,60,115678.13,0,114962.64,115248.84,115535.03,115821.23,116107.42,116393.62
APP00169,Jose Marshall,"Williams, Myers and Burgess",38,Salaried,85155.96,111374.23,26218.26,11056.75,1,,5131080.77,84,88505.78,0,90529.33,89719.91,88910.49,88101.07,87291.65,86482.23
APP00170,Bryan English,"Hendrix, Burton and Allen",39,Self-Employed,97321.57,108253.92,10932.36,12365.31,0,685.0,5126897.14,60,118009.66,0,112138.32,114486.85,116835.39,119183.93,121532.47,123881.0
APP00171,William Mayer,"Johnson, Kelley and Russell",30,Salaried,80253.93,105275.88,25021.95,4819.98,0,762.0,2710757.91,24,184551.23,1,178822.01,181113.7,183405.39,185697.07,187988.76,190280.45
APP00172,Jimmy Wilkins,Ballard Ltd,43,Salaried,90228.92,109773.22,19544.3,10153.65,0,736.0,3450234.55,84,175781.54,1,178407.5,177357.12,176306.73,175256.34,174205.96,173155.57
APP00173,Joanna Adams,"James, Mccarty and Mckinney",33,Self-Employed,170777.26,202378.78,31601.52,54456.56,0,635.0,3202802.95,48,295988.16,2,302421.55,299848.19,297274.84,294701.49,292128.13,289554.78
APP00174,Tony Clark,"Orr, Nguyen and Bass",37,Salaried,84941.12,115829.79,30888.67,14300.75,0,747.0,2603731.27,36,220651.49,1,231467.39,227141.03,222814.67,218488.31,214161.95,209835.59
APP00175,Brenda Warren,Petersen-Leon,27,Salaried,88159.05,108288.48,20129.43,825.01,0,768.0,4837364.29,48,262455.49,1,269706.75,266806.25,263905.74,261005.24,258104.74,255204.24
APP00176,Brandi Wilkins,English-Gonzalez,26,Salaried,76191.49,104950.67,28759.18,15958.09,1,,3434784.24,84,35558.29,0,37945.39,36990.55,36035.71,35080.87,34126.03,33171.19
APP00177,Stacie Warner,Martin Ltd,51,Salaried,169471.99,220729.15,51257.16,11621.17,0,884.0,11460089.08,36,240482.83,2,258081.47,251042.02,244002.56,236963.11,229923.65,222884.19
APP00178,Steven Tucker,"Jackson, Collins and Brown",33,Self-Employed,15606.29,18298.83,2692.54,751.85,0,825.0,426205.49,48,43540.92,0,43319.86,43408.28,43496.71,43585.13,43673.56,43761.98
APP00179,Aaron Vasquez,Mata-Waters,41,Salaried,127312.71,168516.81,41204.1,32482.74,0,747.0,3277490.99,36,60527.82,1,60777.29,60677.5,60577.71,60477.93,60378.14,60278.36
APP00180,Eric Taylor,Hayden-Lopez,38,Salaried,61375.14,80399.53,19024.39,21736.38,1,,3451848.63,48,68042.94,3,78571.6,74360.14,70148.67,65937.2,61725.74,57514.27
APP00181,Eugene Larsen,Vance-Wells,34,Salaried,57925.45,69609.2,11683.75,4631.66,0,900.0,4020131.9,84,134064.45,0,130027.22,131642.11,133257.0,134871.9,136486.79,138101.68
APP00182,Paul Combs,"Flores, Gonzales and Rodriguez",33,Self-Employed,29931.27,34639.58,4708.31,8501.68,0,744.0,1018510.87,12,17654.18,2,17118.24,17332.62,17546.99,17761.37,17975.74,18190.12
APP00183,Timothy Marquez,Cox-Flores,44,Salaried,31906.64,44123.5,12216.86,1958.65,0,686.0,1136299.09,12,60904.69,1,66884.85,64492.78,62100.72,59708.66,57316.59,54924.53
APP00184,Donna Watson,Adams-Harris,35,Self-Employed,46308.1,54760.62,8452.51,17176.75,0,641.0,707462.77,12,105632.05,5,125005.5,117256.12,109506.74,101757.36,94007.98,86258.6
APP00185,Zachary Lawrence,"Cole, Hood and Walsh",36,Self-Employed,37858.61,43276.36,5417.75,9370.6,0,705.0,986889.37,24,60892.3,1,64194.98,62873.91,61552.84,60231.77,58910.7,57589.63
APP00186,Jeffrey Hill,Williams-Ramirez,38,Self-Employed,88684.08,106412.24,17728.16,12734.94,0,668.0,5903170.89,36,42050.42,2,42799.48,42499.85,42200.23,41900.6,41600.98,41301.35
APP00187,Brian Davenport,"Harrison, Hansen and Lambert",50,Salaried,38988.58,53195.65,14207.07,6273.14,0,729.0,2753135.02,84,28098.05,1,26597.58,27197.77,27797.96,28398.15,28998.34,29598.53
APP00188,Timothy Wright,Hill LLC,45,Salaried,142457.52,179802.72,37345.2,25919.97,0,725.0,5905289.21,84,197203.77,1,194511.57,195588.45,196665.33,197742.21,198819.09,199895.97
APP00189,Jorge Lee,"Lowery, Moreno and Roberts",42,Salaried,81739.72,110522.42,28782.69,9191.75,0,732.0,5169553.03,60,40949.15,0,41571.25,41322.41,41073.57,40824.72,40575.88,40327.04
APP00190,Tyler Henson,"Martinez, Cole and Smith",32,Self-Employed,48970.21,55067.67,6097.46,5139.58,0,708.0,1223530.34,12,99862.3,0,105283.72,103115.15,100946.59,98778.02,96609.46,94440.89
APP00191,Lynn Gentry,"Serrano, Knight and Gomez",24,Self-Employed,31799.28,35386.98,3587.71,2613.23,0,759.0,1617915.97,12,35772.03,2,38003.4,37110.85,36218.31,35325.76,34433.22,33540.67
APP00192,Kirsten Ball,Baker-Sanchez,47,Salaried,53066.39,67608.98,14542.6,22169.58,0,566.0,3545082.68,48,56952.67,2,62845.4,60488.31,58131.22,55774.12,53417.03,51059.94
APP00193,Nicholas Hayes,Hutchinson Inc,48,Self-Employed,31168.74,36807.84,5639.1,6301.15,0,770.0,1028290.13,60,68898.17,0,69767.89,69420.0,69072.12,68724.23,68376.35,68028.46
APP00194,Maria Mitchell,"Gregory, Gutierrez and Morton",37,Self-Employed,42354.81,49507.53,7152.72,15865.26,0,652.0,2129391.49,84,80397.14,3,93676.53,88364.77,83053.02,77741.26,72429.51,67117.75
APP00195,Timothy Anderson,Conrad and Sons,43,Self-Employed,66782.24,75388.42,8606.18,5371.92,0,742.0,3782838.99,120,160278.8,1,153758.32,156366.51,158974.7,161582.9,164191.09,166799.29
APP00196,Greg Evans,"Thompson, Sharp and Newton",46,Self-Employed,60722.99,69673.04,8950.05,16853.72,0,557.0,1241432.29,24,50968.68,1,55791.6,53862.43,51933.26,50004.1,48074.93,46145.76
APP00197,Vanessa Green,Hampton Group,46,Self-Employed,25542.28,30051.72,4509.44,3948.42,0,783.0,703644.25,36,32023.74,3,33949.66,33179.29,32408.92,31638.55,30868.19,30097.82
APP00198,Elizabeth Grant,"Combs, Ross and Porter",47,Self-Employed,57076.76,66906.36,9829.61,10914.81,0,622.0,2716098.03,36,107933.92,0,109307.95,108758.34,108208.73,107659.11,107109.5,106559.88
APP00199,Christopher Martin,Bailey-Lopez,33,Salaried,43419.79,59764.93,16345.14,22991.05,0,592.0,1195886.67,24,56026.51,2,65522.93,61724.36,57925.79,54127.23,50328.66,46530.09
APP00200,Taylor Crawford,Schmidt PLC,53,Salaried,81266.5,97838.45,16571.95,14928.26,0,763.0,1758209.4,36,185716.46,0,189259.83,187842.48,186425.13,185007.78,183590.43,182173.08
APP00201,Terrance Davies,Caldwell-Valenzuela,26,Self-Employed,198264.1,232586.1,34322.0,25945.14,1,,4295324.71,48,284052.03,1,295347.61,290829.38,286311.14,281792.91,277274.67,272756.44
APP00202,Charles Lee,Lewis Ltd,47,Salaried,100187.87,131241.22,31053.35,14530.92,0,692.0,5907822.33,48,257986.17,1,271344.68,266001.28,260657.87,255314.47,249971.06,244627.65
APP00203,Glenn Davis,Middleton Inc,43,Salaried,63536.09,78126.98,14590.89,3477.03,0,613.0,2516169.55,36,64939.91,0,62762.92,63633.72,64504.51,65375.31,66246.1,67116.89
APP00204,David Hudson,"Smith, Berry and Young",47,Self-Employed,22044.4,26390.96,4346.56,3312.91,0,674.0,999513.16,12,43533.31,2,47518.84,45924.62,44330.41,42736.2,41141.99,39547.78
APP00205,Nicole Gutierrez,Powell-Berry,57,Salaried,40011.26,50923.91,10912.65,3527.98,0,752.0,2006080.62,60,95613.46,0,84618.42,89016.44,93414.45,97812.47,102210.48,106608.49
APP00206,Joseph Bennett,Glover-Frazier,53,Salaried,35401.76,46159.28,10757.52,16971.28,0,690.0,1115307.37,24,79986.35,2,84281.4,82563.38,80845.36,79127.35,77409.33,75691.31
APP00207,Antonio Ramirez,Hernandez Ltd,27,Self-Employed,90593.15,108815.74,18222.59,16023.74,0,709.0,4660475.27,24,119384.48,0,127339.89,124157.72,120975.56,117793.4,114611.23,111429.07
APP00208,Beth Gordon,Mason LLC,21,Salaried,38980.13,49969.31,10989.18,6290.48,0,741.0,1524517.18,36,97122.72,0,110946.47,105416.97,99887.47,94357.97,88828.47,83298.97
APP00209,Shari Robinson,Paul Ltd,46,Self-Employed,71829.62,83704.78,11875.16,6546.01,0,750.0,1260532.46,120,137508.07,1,133924.01,135357.64,136791.26,138224.88,139658.51,141092.13
APP00210,David Ross,Johns-Anderson,28,Self-Employed,35746.72,41343.04,5596.32,886.72,0,694.0,1551986.89,24,74237.93,1,75363.12,74913.04,74462.97,74012.89,73562.82,73112.75
APP00211,Troy Allison,"Hutchinson, Cruz and Kemp",38,Salaried,71916.61,97072.45,25155.84,8195.43,0,691.0,3016318.39,24,77452.46,0,78201.41,77901.83,77602.25,77302.66,77003.08,76703.5
APP00212,Alison Johnson,"Jones, Morrison and Holloway",46,Salaried,142101.5,186362.29,44260.79,44009.81,1,,7577941.97,120,323906.93,1,359957.05,345537.0,331116.96,316696.91,302276.86,287856.82
APP00213,Stephanie Kennedy,Lawson-Mckee,22,Salaried,41017.39,49356.33,8338.94,9699.15,0,667.0,2854252.18,48,24138.54,0,26553.91,25587.76,24621.62,23655.47,22689.32,21723.17
APP00214,April Myers,Davis-Lowe,21,Self-Employed,39383.79,43487.59,4103.8,8685.78,0,777.0,586213.68,36,104322.17,1,119340.65,113333.26,107325.87,101318.48,95311.09,89303.7
APP00215,Samantha Foley,Ward Ltd,41,Salaried,49741.65,67879.17,18137.52,1161.38,0,753.0,2436857.39,36,94243.51,0,82537.33,87219.8,91902.28,96584.75,101267.22,105949.7
APP00216,Danielle Rodriguez,"Jones, Roberson and Nguyen",38,Salaried,102312.05,136071.4,33759.35,29176.87,0,796.0,5546340.94,84,171490.42,0,163944.02,166962.58,169981.14,172999.71,176018.27,179036.83
APP00217,Joseph Fleming,Ellis and Sons,36,Self-Employed,29873.2,33187.25,3314.05,6149.53,0,669.0,1218356.05,36,25117.5,1,27063.06,26284.83,25506.61,24728.38,23950.16,23171.94
APP00218,Mindy Holland,Hill-Brown,38,Salaried,41455.74,56249.02,14793.28,5331.73,0,719.0,1571587.64,24,84911.51,3,84739.04,84808.03,84877.02,84946.0,85014.99,85083.98
APP00219,Judith Arnold,Garza-Larson,29,Salaried,32990.3,43182.86,10192.57,2048.47,0,763.0,1804193.68,24,28399.39,0,31203.93,30082.11,28960.3,27838.49,26716.67,25594.86
APP00220,Richard Hall,Williams Group,23,Self-Employed,19214.21,22273.52,3059.3,6239.61,0,676.0,854468.03,36,41646.35,1,42921.68,42411.55,41901.41,41391.28,40881.14,40371.01
APP00221,Maria Torres,Webb LLC,36,Salaried,83277.34,110715.94,27438.6,15166.26,0,729.0,3079887.65,84,179272.74,1,181509.0,180614.5,179719.99,178825.49,177930.99,177036.48
APP00222,David Fields,"Mayer, Oconnell and Schmidt",28,Salaried,193114.79,264781.11,71666.32,15229.15,0,681.0,9910653.4,24,171011.66,1,184159.89,178900.6,173641.31,168382.02,163122.73,157863.44
APP00223,Ashley Jones,Robinson and Sons,22,Salaried,35669.73,43997.66,8327.92,3517.87,0,718.0,1726710.77,12,83805.38,1,88782.44,86791.62,84800.79,82809.97,80819.15,78828.32
APP00224,Lauren Hughes,Franco-Stokes,43,Salaried,112247.67,133196.35,20948.68,35853.09,0,666.0,1940032.96,12,196456.0,1,219249.39,210132.04,201014.68,191897.33,182779.97,173662.61
APP00225,Kyle Smith,"Marquez, Walker and Thompson",37,Salaried,76358.76,100221.78,23863.02,6162.33,0,770.0,2560138.15,60,90953.8,1,93920.14,92733.6,91547.07,90360.53,89173.99,87987.46
APP00226,Joe Haley,"Adams, Brooks and Blevins",42,Self-Employed,30400.04,34324.42,3924.38,1317.9,0,726.0,1995189.75,48,64189.86,1,61946.77,62844.01,63741.24,64638.48,65535.72,66432.96
APP00227,Stacey Alvarez,Ramsey-Richards,28,Salaried,53659.78,70935.25,17275.47,17745.51,0,606.0,1155990.35,24,100256.92,1,101938.74,101266.01,100593.28,99920.55,99247.82,98575.09
APP00228,David Yu,Myers-Blevins,31,Salaried,56956.2,74828.61,17872.41,6728.92,0,698.0,2466325.3,120,93757.64,1,95518.96,94814.43,94109.9,93405.37,92700.84,91996.31
APP00229,Elizabeth Johnson,Perez-Dillon,28,Salaried,44538.89,58434.58,13895.7,4923.46,0,715.0,2236860.18,84,93995.88,1,92415.82,93047.85,93679.87,94311.89,94943.92,95575.94
APP00230,Mr. Jason Scott DDS,Brock PLC,29,Salaried,146853.42,197294.81,50441.39,34455.22,0,664.0,2819839.25,36,321199.12,0,358870.79,343802.12,328733.46,313664.79,298596.12,283527.45
APP00231,Cristina Johnson,Barrett-King,40,Self-Employed,16920.02,18848.12,1928.1,1610.19,0,817.0,406236.93,24,43980.04,0,40089.7,41645.84,43201.97,44758.11,46314.25,47870.39
APP00232,Jason Fleming,"Woods, Anderson and Gibson",30,Salaried,74101.24,89656.2,15554.96,16448.9,0,743.0,2324370.45,36,169739.57,0,174820.45,172788.1,170755.74,168723.39,166691.04,164658.69
APP00233,Robert Stevenson,"Beard, Williamson and Lee",42,Salaried,83961.29,107315.63,23354.34,19316.58,0,768.0,4027212.16,60,57155.2,0,62504.55,60364.81,58225.07,56085.33,53945.59,51805.85
APP00234,Christine Booker,"Lee, Powell and Campbell",41,Salaried,55084.6,66506.06,11421.46,9928.04,0,681.0,1078324.51,48,132979.15,0,138453.37,136263.68,134073.99,131884.3,129694.62,127504.93
APP00235,Robert Hall,Jones PLC,58,Self-Employed,76334.79,87670.44,11335.66,18503.28,0,648.0,4428485.75,84,192829.89,3,219281.27,208700.72,198120.17,187539.62,176959.06,166378.51
APP00236,Philip Phillips,Gonzales and Sons,24,Salaried,85308.35,104648.31,19339.96,10891.97,0,778.0,4515030.97,48,136360.74,1,141271.23,139307.04,137342.84,135378.64,133414.45,131450.25
APP00237,Kathleen Lopez,"Paul, Ayala and Harris",47,Salaried,81005.55,112218.54,31212.99,25715.38,0,621.0,4875844.95,84,188372.14,0,192875.01,191073.86,189272.71,187471.56,185670.41,183869.26
APP00238,Jason Ortega,"Massey, Phillips and Hartman",37,Salaried,82289.29,111036.96,28747.67,25132.02,0,669.0,2177915.52,12,73937.26,4,92685.86,85186.42,77686.98,70187.54,62688.1,55188.67
APP00239,Brianna Long,Mora Ltd,38,Self-Employed,101920.89,120122.97,18202.08,14007.55,0,722.0,4534802.94,36,57020.16,1,55847.88,56316.79,56785.7,57254.62,57723.53,58192.44
APP00240,William Thomas,"Ball, Brown and Harris",24,Self-Employed,12598.79,14957.58,2358.79,2801.53,0,645.0,800481.93,24,18096.97,3,18402.26,18280.14,18158.03,18035.92,17913.81,17791.69
APP00241,Antonio Long,Houston Ltd,33,Self-Employed,166068.8,186403.85,20335.06,1505.84,0,757.0,6342910.02,24,132173.14,0,139076.57,136315.2,133553.83,130792.46,128031.09,125269.71
APP00242,Sophia Oconnor,"Burgess, Medina and Grant",45,Salaried,208524.11,267001.36,58477.24,47562.21,0,640.0,9638198.94,48,152839.42,1,149796.38,151013.6,152230.81,153448.02,154665.24,155882.45
APP00243,Dr. Erin Lopez DVM,"Martin, Chen and Frey",37,Salaried,106038.51,137715.22,31676.71,25510.83,0,700.0,3882128.0,12,150165.83,2,152782.36,151735.75,150689.13,149642.52,148595.91,147549.3
APP00244,Amanda Beck,Garcia-Stevenson,39,Self-Employed,129102.3,142480.1,13377.8,16570.01,1,,7281279.65,84,354594.95,2,360105.2,357901.1,355697.0,353492.9,351288.8,349084.71
APP00245,James Rivera,"Kelly, Nolan and Ballard",35,Self-Employed,22575.62,25349.38,2773.76,2592.98,1,,1121363.41,36,38305.27,1,36702.61,37343.67,37984.74,38625.8,39266.86,39907.92
APP00246,Aaron Ramirez,Mejia-Cooper,50,Salaried,71700.24,96518.89,24818.65,10309.11,1,,4093001.09,48,197613.21,1,219687.42,210857.73,202028.05,193198.37,184368.69,175539.0
APP00247,Tyler Martinez,Cox Group,38,Self-Employed,35542.46,39938.13,4395.67,2533.05,0,686.0,2493862.75,36,60745.18,1,60604.76,60660.93,60717.09,60773.26,60829.42,60885.59
APP00248,Christine Kelly,Ewing-Buck,21,Salaried,42228.52,57669.17,15440.65,8638.03,0,523.0,2479651.16,36,62848.26,5,75455.13,70412.38,65369.63,60326.89,55284.14,50241.39
APP00249,Samantha Reynolds,Alvarez-Short,31,Salaried,97735.2,123900.81,26165.62,14511.81,1,,4530214.02,84,49966.59,1,46255.29,47739.81,49224.33,50708.85,52193.37,53677.89
APP00250,John Watson,Horn PLC,21,Salaried,38304.9,48797.02,10492.12,1676.78,1,,1044420.58,12,26540.65,0,27961.1,27392.92,26824.74,26256.56,25688.37,25120.19
APP00251,Cheryl Diaz,"King, Price and Gomez",21,Salaried,51872.44,62197.55,10325.11,12413.1,1,,2219548.76,24,122627.18,1,136800.3,131131.06,125461.81,119792.56,114123.31,108454.06
APP00252,Amanda Jenkins,"Smith, Stout and Mckinney",33,Self-Employed,15510.71,18388.72,2878.01,3778.97,0,698.0,1066848.22,36,30217.44,1,30201.62,30207.94,30214.27,30220.6,30226.93,30233.26
APP00253,Pamela Williams,"Kim, Oconnor and Cruz",51,Salaried,70421.07,88372.3,17951.23,3142.22,0,786.0,5006938.84,84,131492.88,1,131426.75,131453.21,131479.66,131506.11,131532.56,131559.01
APP00254,Arthur Mora,Anderson-Smith,38,Salaried,71878.44,87532.8,15654.36,5698.04,0,762.0,1391859.35,36,188286.91,0,189854.93,189227.72,188600.52,187973.31,187346.1,186718.89
APP00255,Paul Roach,Luna PLC,26,Self-Employed,32818.44,36594.95,3776.51,7792.52,0,803.0,1718102.49,12,61484.24,1,64416.59,63243.65,62070.71,60897.77,59724.83,58551.89
APP00256,Dominic Rosario,Johnson-Li,29,Salaried,44554.48,53774.44,9219.96,7893.72,0,704.0,595078.91,12,48944.53,1,49749.88,49427.74,49105.6,48783.46,48461.33,48139.19
APP00257,Deborah Moran,Ford Inc,49,Salaried,176739.56,235931.1,59191.54,34789.71,0,758.0,3263921.98,84,424620.78,0,398509.09,408953.77,419398.44,429843.12,440287.8,450732.47
APP00258,Donald Smith,Small PLC,40,Salaried,41005.53,51106.84,10101.31,6239.45,1,,1405843.19,84,87976.38,1,94952.85,92162.26,89371.67,86581.09,83790.5,80999.92
APP00259,Sydney Walters,Garrison LLC,38,Salaried,43021.12,55655.62,12634.51,7239.91,0,707.0,765448.92,12,27613.07,2,30339.86,29249.15,28158.43,27067.72,25977.0,24886.28
APP00260,Allison Hall,"Hansen, Murray and Mack",37,Salaried,47388.99,58876.11,11487.12,8007.53,0,818.0,2418875.65,36,111879.25,0,117439.58,115215.45,112991.32,110767.19,108543.06,106318.92
APP00261,Tyler Finley,Smith and Sons,38,Salaried,118384.44,162257.41,43872.97,14186.38,0,749.0,4962204.85,60,157123.09,1,163954.84,161222.14,158489.44,155756.74,153024.04,150291.34
APP00262,David Jordan,Reyes-Garcia,46,Salaried,194704.11,248640.6,53936.49,7306.55,1,,6838825.61,48,499277.85,1,513726.61,507947.1,502167.6,496388.1,490608.59,484829.09
APP00263,Timothy White PhD,"Rich, Duffy and Alexander",44,Salaried,85901.93,108788.08,22886.15,19419.53,0,587.0,5417807.55,24,195410.19,1,218309.99,209150.07,199990.15,190830.23,181670.31,172510.39
APP00264,Samantha Mejia,"Richards, Fields and Mann",40,Salaried,51177.44,70366.71,19189.27,4991.4,0,716.0,1707174.96,12,134805.18,0,134397.14,134560.36,134723.57,134886.79,135050.01,135213.22
APP00265,Erin Flores,Gill-Hudson,28,Self-Employed,40954.25,48382.38,7428.12,8299.78,0,646.0,1098638.9,84,28851.35,0,31395.21,30377.67,29360.13,28342.58,27325.04,26307.5
APP00266,Richard Miller,"Brown, Ruiz and Ross",43,Self-Employed,140130.0,168119.79,27989.78,24283.49,1,,4069745.99,48,299399.09,2,325450.56,315029.97,304609.39,294188.8,283768.22,273347.63
APP00267,Paul Wright,"Atkins, Fritz and Love",31,Salaried,41976.69,55946.03,13969.34,2859.5,0,699.0,560121.63,12,52002.08,0,53084.02,52651.24,52218.46,51785.69,51352.91,50920.14
APP00268,Andrew Tran,Holt-Ruiz,49,Salaried,145418.08,177289.43,31871.35,60302.37,0,697.0,8047717.33,24,304778.78,1,331849.96,321021.49,310193.01,299364.54,288536.07,277707.6
APP00269,William Stephenson,Wilson Group,25,Self-Employed,142864.5,163463.75,20599.25,13120.16,0,680.0,7244991.27,60,107317.36,0,100606.8,103291.02,105975.24,108659.47,111343.69,114027.92
APP00270,Deborah Miller MD,"James, Lyons and Marsh",37,Salaried,70389.08,94195.55,23806.47,9464.06,0,844.0,2600268.53,60,176648.02,0,165175.72,169764.64,174353.56,178942.48,183531.39,188120.31
APP00271,Dr. Jeremy Young MD,Smith PLC,38,Salaried,92316.9,112582.59,20265.69,15945.7,1,,5634707.41,48,247299.89,0,239318.11,242510.82,245703.54,248896.25,252088.96,255281.67
APP00272,Megan Adkins,"Colon, Walters and Harmon",25,Salaried,81694.59,103162.62,21468.03,7736.11,0,717.0,2603506.49,60,139439.75,2,137036.38,137997.73,138959.08,139920.43,140881.78,141843.13
APP00273,Mary Martinez,Sanchez and Sons,55,Salaried,152197.87,182642.27,30444.39,25552.23,0,868.0,3782532.22,12,260983.33,1,276681.43,270402.19,264122.95,257843.72,251564.48,245285.24
APP00274,Elizabeth Bradley,Johnson Inc,53,Self-Employed,32932.52,37618.03,4685.52,12190.63,1,,460913.32,12,54405.33,2,55816.1,55251.79,54687.49,54123.18,53558.87,52994.56
APP00275,Oscar Gonzalez,Allen-Arias,33,Salaried,110430.87,141988.68,31557.81,11482.88,0,656.0,2502449.02,48,287224.2,2,306042.84,298515.38,290987.93,283460.47,275933.02,268405.56
APP00276,David Hernandez,Rowe Inc,46,Self-Employed,52869.0,58983.11,6114.11,14977.4,1,,2059820.34,12,32682.11,2,35098.91,34132.19,33165.47,32198.75,31232.03,30265.31
APP00277,Laura Nguyen,"Fowler, Calhoun and Baker",42,Salaried,51196.82,66293.87,15097.05,3076.19,0,802.0,1629501.59,24,130624.06,0,129815.73,130139.06,130462.39,130785.73,131109.06,131432.39
APP00278,Willie Romero,Mcdonald Group,21,Self-Employed,53725.82,59797.43,6071.61,1195.5,0,801.0,2076763.89,36,72897.07,0,77954.26,75931.38,73908.51,71885.64,69862.77,67839.89
APP00279,Robert Valdez,Malone Ltd,41,Salaried,64925.63,82637.29,17711.66,20743.77,0,574.0,988936.1,12,82662.33,1,90539.3,87388.51,84237.73,81086.94,77936.16,74785.37
APP00280,Ashley Wells DVM,Lopez PLC,37,Self-Employed,31059.02,36285.28,5226.26,2994.83,0,736.0,421673.63,48,79300.72,1,82862.59,81437.84,80013.09,78588.35,77163.6,75738.85
APP00281,Suzanne Williams,Gilbert LLC,39,Salaried,34040.51,45081.07,11040.55,10959.17,0,564.0,1789323.86,36,22983.14,1,24061.91,23630.4,23198.89,22767.39,22335.88,21904.38
APP00282,Bryan Lopez,Hicks Group,27,Self-Employed,28183.43,32164.42,3980.99,2975.04,0,819.0,1040521.49,36,22930.02,2,24522.19,23885.32,23248.45,22611.58,21974.71,21337.85
APP00283,Lauren Conrad,Jones Inc,35,Salaried,127933.97,154581.72,26647.75,36340.21,0,669.0,7566287.67,60,241736.28,3,278714.73,263923.35,249131.97,234340.6,219549.22,204757.84
APP00284,Sean Cole,"Wong, Miller and Hoffman",36,Salaried,162947.87,225366.72,62418.85,51720.79,0,678.0,10224687.7,48,318590.65,0,349622.03,337209.48,324796.93,312384.38,299971.83,287559.28
APP00285,Richard Bautista,"Wheeler, Lloyd and Jones",50,Salaried,101325.62,130015.36,28689.74,15499.99,0,740.0,3413333.22,48,99530.88,2,106356.73,103626.39,100896.05,98165.71,95435.37,92705.03
APP00286,Kyle Harvey,Stanley PLC,41,Salaried,121919.86,154979.32,33059.46,16513.29,0,731.0,4813448.54,60,253873.06,2,285835.95,273050.79,260265.64,247480.48,234695.32,221910.17
APP00287,Jacob Thomas,Bryant-Lambert,38,Salaried,54701.65,64734.57,10032.91,4372.6,0,671.0,3167215.32,48,73115.66,0,78141.8,76131.34,74120.89,72110.43,70099.97,68089.51
APP00288,David Greene,"Mcgee, Johnson and Gallegos",53,Self-Employed,65135.56,76554.33,11418.78,5668.37,0,821.0,1303708.38,36,35441.4,1,36893.92,36312.91,35731.91,35150.9,34569.9,33988.89
APP00289,Christina Smith,Clark-Erickson,32,Self-Employed,70999.97,83664.83,12664.87,18365.75,0,700.0,4284681.69,48,71436.8,0,73108.21,72439.64,71771.08,71102.51,70433.95,69765.39
APP00290,Michael Lopez,"Clark, Patterson and Rodriguez",34,Salaried,40402.8,53410.58,13007.78,13152.76,0,600.0,1374230.39,60,30537.62,0,33044.28,32041.61,31038.95,30036.28,29033.62,28030.95
APP00291,Dalton Pope,Payne LLC,21,Salaried,35228.6,44560.64,9332.04,5190.78,0,799.0,949078.26,24,53139.1,1,60170.89,57358.17,54545.46,51732.74,48920.03,46107.31
APP00292,Amy Garcia,"Davis, Cross and Atkinson",54,Salaried,79005.44,100043.06,21037.62,25915.93,0,779.0,3168819.21,36,107853.49,1,113424.58,111196.14,108967.71,106739.27,104510.84,102282.41
APP00293,Joshua Fowler,Davis LLC,48,Salaried,65473.81,88116.45,22642.65,16625.92,0,774.0,3329235.83,36,83573.79,1,84899.51,84369.22,83838.93,83308.65,82778.36,82248.08
APP00294,Christopher Dominguez,Parker-Phillips,47,Salaried,46861.03,64301.84,17440.81,12500.13,0,730.0,2919100.78,120,112653.03,1,121519.83,117973.11,114426.39,110879.67,107332.95,103786.23
APP00295,Drew Parker,Obrien-Irwin,45,Salaried,89010.77,115175.05,26164.29,3403.61,0,694.0,5459893.93,84,127701.43,0,130704.62,129503.34,128302.06,127100.79,125899.51,124698.23
APP00296,Emily Knight,Smith Inc,39,Salaried,62045.9,80910.41,18864.51,27319.38,0,712.0,876322.93,12,47332.39,2,57798.36,53611.97,49425.58,45239.2,41052.81,36866.42
APP00297,Jason Lin,Wilson Ltd,40,Salaried,111910.69,151032.33,39121.63,14458.02,1,,2443672.23,24,300287.75,2,306605.88,304078.63,301551.37,299024.12,296496.87,293969.62
APP00298,Helen Gonzalez PhD,"Lewis, Cruz and Terrell",35,Salaried,66395.02,82380.72,15985.7,23031.33,0,734.0,2142948.31,48,115300.03,1,129489.73,123813.85,118137.97,112462.08,106786.2,101110.32
APP00299,Aaron Valenzuela,"Andrews, Clark and Blake",36,Self-Employed,49637.64,55382.06,5744.43,18998.47,0,790.0,774066.97,84,115581.89,0,116954.73,116405.59,115856.46,115307.32,114758.19,114209.05
APP00300,Robert Sullivan,Durham Inc,39,Salaried,73980.61,98345.04,24364.43,16193.51,0,659.0,2874450.79,36,107301.97,1,116078.88,112568.12,109057.35,105546.59,102035.83,98525.06
APP00301,Julia Martin,"Daniel, Santiago and Taylor",53,Self-Employed,60952.1,70713.86,9761.76,14514.0,0,748.0,2386073.34,36,108078.62,2,117464.94,113710.41,109955.88,106201.35,102446.82,98692.29
APP00302,Juan Davidson,Owen-Brown,44,Salaried,54768.02,67975.55,13207.53,16788.83,1,,2377443.9,12,61277.14,1,65730.97,63949.44,62167.91,60386.38,58604.85,56823.32
APP00303,Ann Dean,"Bender, Alexander and Mccarthy",37,Salaried,56915.31,76849.52,19934.21,9665.83,0,609.0,1877497.81,24,151431.7,2,175824.71,166067.5,156310.3,146553.09,136795.89,127038.68
APP00304,Jonathan Thomas,French-Mathis,32,Salaried,89773.77,119388.98,29615.21,29559.08,0,607.0,2364738.59,60,89251.04,0,80652.66,84092.01,87531.37,90970.72,94410.08,97849.43
APP00305,Joseph Schaefer,Nguyen Inc,32,Salaried,85711.48,101348.03,15636.55,9192.43,1,,4056979.96,36,229396.42,0,250397.88,241997.3,233596.71,225196.13,216795.55,208394.96
APP00306,John Ballard,Ramos Ltd,54,Self-Employed,169158.51,194317.29,25158.78,17082.85,0,728.0,2602424.14,36,217425.63,1,224409.24,221615.79,218822.35,216028.91,213235.46,210442.02
APP00307,Christina Martinez,"Randolph, Farmer and Copeland",43,Self-Employed,20330.17,23774.75,3444.58,4840.21,0,744.0,292683.89,36,43327.25,0,46376.46,45156.78,43937.1,42717.41,41497.73,40278.04
APP00308,Vanessa Webb,Hill-Wright,39,Salaried,58525.31,79936.33,21411.02,7507.79,0,705.0,3316847.15,48,115999.79,1,122130.49,119678.21,117225.93,114773.65,112321.37,109869.09
APP00309,Timothy Hughes,Medina-Peterson,35,Self-Employed,45260.77,52955.88,7695.11,1934.58,0,743.0,1061430.9,36,108290.35,0,101414.74,104164.99,106915.23,109665.47,112415.72,115165.96
APP00310,Lisa Summers,"Mercado, Mccall and Murphy",27,Salaried,64767.8,79056.34,14288.55,4907.86,0,705.0,1395615.61,36,62955.37,2,72562.25,68719.5,64876.74,61033.99,57191.24,53348.49
APP00311,Richard Walker,Wu Inc,37,Salaried,55643.97,67009.53,11365.56,15400.58,0,717.0,1490755.62,24,143715.84,0,149709.14,147311.82,144914.5,142517.18,140119.86,137722.54
APP00312,Ryan Calderon,"Martin, Johnson and York",47,Salaried,60030.61,82834.94,22804.33,13212.12,0,725.0,2790306.11,48,93070.15,2,97991.91,96023.21,94054.5,92085.79,90117.09,88148.38
APP00313,Daniel Ross,Sims-Richardson,34,Salaried,93486.6,126629.36,33142.76,29464.58,0,720.0,2463002.93,48,54136.4,1,57296.1,56032.22,54768.34,53504.46,52240.58,50976.7
APP00314,Janet Martinez,"Martinez, Ellis and Lewis",36,Salaried,72996.64,91830.81,18834.17,10130.36,0,714.0,3779837.12,24,149885.78,1,153258.48,151909.4,150560.32,149211.24,147862.16,146513.08
APP00315,Nathaniel Merritt,Santos PLC,36,Salaried,39861.47,50047.01,10185.54,756.82,0,736.0,2008974.08,84,27424.87,2,29889.63,28903.72,27917.82,26931.92,25946.02,24960.12
APP00316,Justin Todd,Hurley Group,39,Salaried,127342.2,169697.27,42355.07,2987.82,0,723.0,4614828.62,60,266823.91,0,289482.37,280418.98,271355.6,262292.22,253228.83,244165.45
APP00317,Ryan Wilson,"Norris, Ponce and Davis",22,Salaried,87423.16,114089.76,26666.6,29946.67,0,749.0,5911845.07,120,166098.08,0,184099.81,176899.12,169698.43,162497.73,155297.04,148096.34
APP00318,Krista Sims,Robinson Inc,36,Salaried,52038.93,63791.44,11752.5,6945.96,1,,2984035.03,60,48981.85,0,50801.16,50073.43,49345.71,48617.99,47890.26,47162.54
APP00319,Jason Aguilar,"Green, Baldwin and Fritz",29,Salaried,89544.71,113801.2,24256.49,8883.81,1,,1819635.53,12,67183.99,3,70562.74,69211.24,67859.74,66508.24,65156.74,63805.24
APP00320,Matthew Griffin,Bishop PLC,47,Salaried,54323.86,75153.23,20829.37,7010.3,0,717.0,1399149.91,12,42527.39,1,44105.1,43474.01,42842.93,42211.84,41580.76,40949.67
APP00321,Alexander Montgomery,"Jackson, Vaughan and Mitchell",30,Salaried,103599.25,130879.3,27280.05,4668.7,0,748.0,1922841.44,60,216950.4,1,206197.94,210498.93,214799.91,219100.89,223401.88,227702.86
APP00322,David Gallagher DDS,Wright-Scott,44,Salaried,67067.74,79153.77,12086.03,14653.64,0,675.0,3669048.13,36,141431.65,0,144582.22,143321.99,142061.76,140801.53,139541.3,138281.07
APP00323,Christopher Kennedy,Davis and Sons,53,Salaried,52694.33,63007.51,10313.18,3232.71,0,708.0,1238431.56,60,142965.13,1,146251.76,144937.11,143622.46,142307.81,140993.15,139678.5
APP00324,Carl Jordan,"Green, Brandt and Schneider",35,Salaried,56264.09,67772.96,11508.87,7358.99,0,728.0,2201578.29,120,69008.88,1,71171.21,70306.28,69441.35,68576.42,67711.48,66846.55
APP00325,Jeremy Dixon,"Thomas, Jones and Jones",32,Salaried,45396.3,59331.71,13935.41,6029.5,1,,797127.81,36,31562.79,1,35608.18,33990.02,32371.87,30753.71,29135.56,27517.4
APP00326,Mark Miller,Torres-Brown,40,Salaried,77057.72,96057.39,18999.67,17516.46,0,682.0,4978249.19,60,141664.67,0,141608.41,141630.91,141653.42,141675.92,141698.42,141720.93
APP00327,Paula Dixon,Nichols Inc,38,Salaried,74684.02,97721.25,23037.23,12832.46,0,643.0,4239227.63,48,176895.41,1,194938.87,187721.48,180504.1,173286.71,166069.33,158851.95
APP00328,Jonathan Gray,Jones-Grant,28,Salaried,61762.1,75985.86,14223.76,3900.05,0,731.0,3204462.01,84,138461.54,1,145643.73,142770.85,139897.98,137025.1,134152.23,131279.35
APP00329,Brandy Vincent,"Snyder, Montes and Watts",43,Salaried,56942.11,76223.16,19281.05,11826.21,1,,3070114.22,48,88056.28,3,86627.91,87199.26,87770.61,88341.96,88913.31,89484.66
APP00330,Monique Briggs MD,Mccall-Cole,58,Salaried,14560.32,18539.27,3978.95,1462.19,0,771.0,491177.37,12,16204.04,0,17408.92,16926.97,16445.02,15963.07,15481.12,14999.17
APP00331,Mrs. Tina Moon,Scott Group,35,Self-Employed,64562.15,77133.98,12571.84,9203.99,0,806.0,1509330.18,36,139285.05,0,140941.88,140279.15,139616.41,138953.68,138290.94,137628.21
APP00332,Richard Arias,Horton-Thompson,36,Salaried,28702.05,38242.14,9540.09,7686.82,0,679.0,375562.33,24,65649.67,1,68530.3,67378.05,66225.8,65073.55,63921.29,62769.04
APP00333,Gregory Avila,"Humphrey, Callahan and Murray",28,Salaried,67833.98,86107.75,18273.77,5915.37,0,621.0,2482188.11,24,68002.74,0,68305.07,68184.14,68063.21,67942.28,67821.35,67700.42
APP00334,Steven Hill,Collier-Johnson,41,Salaried,118932.32,164372.41,45440.08,16144.78,0,709.0,7906507.57,48,252311.79,1,262854.26,258637.27,254420.28,250203.29,245986.3,241769.31
APP00335,Briana Shaw,Rodriguez and Sons,26,Salaried,66880.16,82770.25,15890.09,19738.63,0,599.0,912952.26,48,138423.33,0,147393.19,143805.25,140217.3,136629.35,133041.41,129453.46
APP00336,Christine Baker,Lambert-Ramirez,27,Self-Employed,41495.92,47511.35,6015.43,2812.53,0,666.0,981031.49,36,119945.66,0,109013.95,113386.64,117759.32,122132.0,126504.68,130877.36
APP00337,Emma Johnson,Singleton Inc,51,Salaried,69744.74,86777.04,17032.3,21542.94,1,,3040252.21,36,84831.59,0,96616.5,91902.54,87188.57,82474.61,77760.65,73046.68
APP00338,Christopher Mayer,Moore Ltd,29,Salaried,58019.76,68596.3,10576.54,12117.31,0,726.0,952830.57,48,77014.66,2,86827.31,82902.25,78977.19,75052.13,71127.06,67202.0
APP00339,Stephanie Jackson,"Matthews, Stanley and White",49,Salaried,59064.39,72951.68,13887.29,5480.86,1,,1761241.83,24,34409.52,0,32255.75,33117.26,33978.76,34840.27,35701.78,36563.29
APP00340,Ashley Schmidt,Olson Inc,53,Salaried,58153.24,69167.84,11014.6,4925.07,0,688.0,3320327.13,36,50113.3,1,50521.12,50357.99,50194.86,50031.73,49868.6,49705.47
APP00341,Heather Salas,King-Davis,41,Salaried,47178.78,56498.16,9319.37,12725.1,1,,1173437.65,12,96375.94,4,112949.9,106320.31,99690.73,93061.14,86431.56,79801.97
APP00342,Lauren Khan,"Walker, Brown and Smith",44,Salaried,126267.19,151300.08,25032.89,22620.47,0,622.0,3823753.9,60,135765.87,0,144903.82,141248.64,137593.46,133938.28,130283.1,126627.92
APP00343,Willie Soto,Boyle LLC,58,Self-Employed,68005.56,77190.05,9184.49,15382.18,0,703.0,1966759.85,24,167605.1,3,187002.1,179243.3,171484.5,163725.7,155966.9,148208.1
APP00344,Robert Baker,Daniels-Thompson,36,Self-Employed,119624.04,138036.23,18412.19,22620.55,0,614.0,2910060.61,36,140477.13,6,146327.94,143987.62,141647.3,139306.97,136966.65,134626.33
APP00345,Laura Ward PhD,French-King,32,Salaried,57255.93,73748.38,16492.45,10001.92,0,837.0,3457161.76,24,130154.83,0,129785.58,129933.28,130080.98,130228.68,130376.38,130524.07
APP00346,Christopher Manning,Martin-Alvarado,24,Self-Employed,54957.34,63875.12,8917.77,11390.63,0,659.0,3789757.38,60,69015.12,0,74361.41,72222.89,70084.37,67945.86,65807.34,63668.82
APP00347,Robert King,Blankenship and Sons,38,Salaried,63930.5,77432.31,13501.81,4253.13,0,803.0,3031870.72,12,147752.78,0,147221.36,147433.92,147646.49,147859.06,148071.63,148284.2
APP00348,Victoria Willis,Hodges-Randolph,53,Salaried,93136.22,114650.79,21514.57,40809.02,1,,2540542.83,24,116075.04,0,126067.07,122070.26,118073.45,114076.64,110079.83,106083.02
APP00349,Emily Smith,Walker and Sons,48,Salaried,109702.59,131609.13,21906.54,5373.04,0,807.0,2917059.33,48,109990.73,0,102423.78,105450.56,108477.34,111504.13,114530.91,117557.69
APP00350,Chase Jensen,Farmer LLC,29,Salaried,68616.22,93700.21,25083.99,13898.38,0,635.0,3663183.24,84,62518.22,2,66308.17,64792.19,63276.21,61760.23,60244.25,58728.27
APP00351,Jose Woodard,May Group,29,Self-Employed,34941.68,38921.44,3979.76,5251.31,0,760.0,1927314.63,48,39298.08,1,38542.17,38844.53,39146.9,39449.27,39751.64,40054.0
APP00352,Darren Delgado,Kane-Williams,33,Self-Employed,34177.58,39708.37,5530.8,10341.52,0,667.0,2084709.7,24,23134.98,1,24401.85,23895.1,23388.36,22881.61,22374.86,21868.11
APP00353,Aaron Kelly,"Bennett, Wood and Campbell",41,Salaried,150855.77,192018.02,41162.25,39773.75,0,665.0,3043877.73,36,349397.19,0,325294.03,334935.29,344576.56,354217.82,363859.08,373500.35
APP00354,Howard Walker,Gonzales-Wilson,36,Salaried,59397.79,70684.5,11286.71,14038.0,0,694.0,1421915.75,24,146919.28,1,151907.08,149911.96,147916.84,145921.71,143926.59,141931.47
APP00355,Leah Harris,Peters-Vasquez,40,Self-Employed,52405.43,62001.61,9596.18,19317.67,0,696.0,1700782.65,60,106468.29,2,115202.65,111708.91,108215.16,104721.41,101227.66,97733.92
APP00356,Karen Taylor,Wilson-Mendoza,41,Self-Employed,181252.75,208224.43,26971.68,9484.44,1,,6834520.4,36,90329.27,2,100040.95,96156.28,92271.61,88386.93,84502.26,80617.59
APP00357,Dana Hernandez,Browning Group,35,Salaried,108580.42,139716.18,31135.76,2312.38,1,,6604381.23,84,290716.28,1,304883.58,299216.66,293549.74,287882.82,282215.9,276548.97
APP00358,Mark Savage,Brown-Lee,38,Self-Employed,91180.87,107087.33,15906.45,22555.92,0,735.0,1572029.02,12,198664.92,2,210866.05,205985.6,201105.15,196224.7,191344.25,186463.8
APP00359,Jennifer Baker,Ward-Harrison,40,Self-Employed,48579.62,54820.93,6241.3,7295.27,0,573.0,1453624.02,48,117064.29,0,122167.65,120126.31,118084.96,116043.62,114002.27,111960.92
APP00360,Matthew Hart,Peters-Jones,37,Self-Employed,321942.42,365946.97,44004.55,96162.28,0,670.0,6089021.67,36,569099.43,1,533787.58,547912.32,562037.06,576161.8,590286.54,604411.28
APP00361,Matthew Wallace,Webb and Sons,43,Salaried,87299.99,105009.7,17709.71,19272.0,0,541.0,5263439.12,48,79175.09,4,89321.56,85262.97,81204.39,77145.8,73087.21,69028.63
APP00362,Morgan Wright,"Carr, Cooke and Hebert",57,Salaried,96730.66,131450.56,34719.9,25630.78,0,661.0,5284972.95,48,104439.64,2,117097.08,112034.11,106971.13,101908.16,96845.18,91782.21
APP00363,Amanda Schmidt,Rodriguez-Acevedo,44,Salaried,68492.86,85580.71,17087.85,9506.6,0,755.0,4141405.88,60,93869.99,1,93209.66,93473.79,93737.92,94002.05,94266.18,94530.31
APP00364,David Brown,"Brown, Boyd and Dixon",39,Salaried,36962.79,49972.37,13009.58,3243.03,1,,1147601.95,24,33987.54,0,35260.1,34751.07,34242.05,33733.02,33224.0,32714.97
APP00365,Alexandria Pierce,Lewis-Miller,21,Self-Employed,19642.38,23285.82,3643.44,932.63,0,676.0,854546.0,48,10922.62,0,10765.15,10828.14,10891.12,10954.11,11017.1,11080.08
APP00366,Brenda Gonzalez,Mcdonald-Shah,42,Salaried,86861.08,108951.9,22090.83,31695.64,0,692.0,5662974.26,120,204769.14,1,220182.91,214017.4,207851.9,201686.39,195520.89,189355.38
APP00367,Katie May,"Anderson, Roman and Welch",21,Salaried,65605.3,84932.36,19327.06,7903.3,0,673.0,867234.77,36,90840.17,3,102291.74,97711.12,93130.49,88549.86,83969.23,79388.61
APP00368,Carrie Parker,Harris Ltd,24,Salaried,51591.19,62980.15,11388.97,8367.98,0,824.0,3096102.67,12,95789.41,0,91081.81,92964.85,94847.89,96730.93,98613.97,100497.01
APP00369,Anthony Preston,Jones-Warner,47,Salaried,44635.49,56682.93,12047.45,8151.21,0,730.0,2591438.39,12,31164.93,1,32512.65,31973.56,31434.47,30895.38,30356.29,29817.21
APP00370,Michelle Smith,Olson-White,45,Salaried,39098.02,48327.42,9229.4,13850.05,1,,1488875.75,48,85041.79,1,86306.79,85800.79,85294.79,84788.79,84282.79,83776.79
APP00371,Natasha Marshall,Burton PLC,37,Self-Employed,49285.94,58850.83,9564.89,5563.74,0,811.0,2881638.46,36,110623.4,2,119591.11,116004.03,112416.94,108829.85,105242.77,101655.68
APP00372,Jodi Perez,Schneider Ltd,21,Salaried,28561.96,37436.54,8874.59,887.27,0,704.0,1641375.62,24,16896.26,1,18589.71,17912.33,17234.95,16557.57,15880.19,15202.81
APP00373,David Williams,"Johnson, Wong and Barton",34,Salaried,98493.57,134320.6,35827.03,24164.45,0,717.0,2243579.8,60,86656.57,0,94701.48,91483.52,88265.56,85047.59,81829.63,78611.66
APP00374,Paul Neal,"Jacobs, Curtis and Thomas",31,Salaried,106249.94,129945.71,23695.76,25864.93,0,598.0,7445271.76,84,220284.81,4,254725.91,240949.47,227173.03,213396.59,199620.14,185843.7
APP00375,Michelle Adams,Yang-Mathews,44,Salaried,264222.77,321005.13,56782.36,24245.92,0,755.0,18074905.8,60,161903.23,0,165247.06,163909.53,162572.0,161234.46,159896.93,158559.39
APP00376,Jessica Kramer,Douglas-Curtis,61,Salaried,112283.82,132138.2,19854.38,10263.98,0,787.0,3074087.48,36,59883.93,1,61899.74,61093.42,60287.09,59480.77,58674.44,57868.12
APP00377,Deborah May,"Perez, Harper and Valenzuela",40,Salaried,54125.73,69954.96,15829.23,13833.61,0,797.0,3749464.95,24,37594.93,0,37831.32,37736.76,37642.21,37547.65,37453.1,37358.54
APP00378,Claire Beard,Cole Inc,30,Self-Employed,30830.06,34754.83,3924.77,7072.16,0,717.0,1379016.2,12,23345.44,0,25465.47,24617.46,23769.44,22921.43,22073.42,21225.41
APP00379,David Young,Gonzales-Taylor,26,Salaried,12508.1,15360.64,2852.54,941.31,0,670.0,532964.34,12,29304.68,2,30709.31,30147.46,29585.61,29023.75,28461.9,27900.04
APP00380,Theresa Reese,Torres LLC,37,Salaried,52182.36,65941.11,13758.75,14820.62,0,635.0,3051001.03,36,109953.23,2,126050.92,119611.84,113172.77,106733.69,100294.61,93855.54
APP00381,Spencer Murphy,"Gonzalez, Jones and Johnson",36,Salaried,62217.47,80160.59,17943.12,15453.62,0,603.0,4163203.22,120,105145.77,2,117262.54,112415.83,107569.12,102722.42,97875.71,93029.0
APP00382,Terry Mccoy,Smith Group,26,Salaried,91392.84,121477.34,30084.51,4447.54,0,753.0,2502198.99,24,112629.59,0,98868.27,104372.8,109877.32,115381.85,120886.38,126390.9
APP00383,Mary Werner,Jones LLC,39,Self-Employed,97432.52,115864.34,18431.82,26757.89,0,749.0,1881745.77,36,206726.96,3,216160.77,212387.25,208613.72,204840.2,201066.68,197293.16
APP00384,Ryan Wolfe,"Castaneda, Newton and Chambers",26,Self-Employed,81141.01,90675.95,9534.95,27211.15,0,531.0,5057267.98,60,140848.33,2,156349.86,150149.25,143948.63,137748.02,131547.4,125346.79
APP00385,Jessica Hardy,Howell and Sons,49,Self-Employed,79839.32,91609.23,11769.91,23272.64,0,565.0,3076185.8,84,44535.56,1,43280.22,43782.36,44284.49,44786.63,45288.77,45790.91
APP00386,Elizabeth Lewis,Flowers and Sons,49,Self-Employed,109192.65,130256.55,21063.9,12853.62,1,,4921343.53,120,99880.7,3,101754.87,101005.2,100255.54,99505.87,98756.2,98006.54
APP00387,Angela Bartlett,Key-Bryant,49,Salaried,145068.63,179396.41,34327.78,5414.51,0,652.0,5911281.13,60,318714.26,0,306030.56,311104.04,316177.52,321251.0,326324.49,331397.97
APP00388,Alexander Rodriguez,Proctor LLC,33,Salaried,40191.4,51664.49,11473.09,439.31,0,772.0,2599908.34,48,76561.99,0,71048.47,73253.88,75459.29,77664.7,79870.11,82075.52
APP00389,Haley Thomas,Russell LLC,43,Self-Employed,48283.59,55165.8,6882.21,6234.43,0,659.0,2225174.41,48,67100.42,0,69014.82,68249.06,67483.3,66717.54,65951.78,65186.02
APP00390,Andrew Schwartz,Barnett-Johnson,37,Self-Employed,23456.84,27544.68,4087.84,9008.47,0,683.0,1272786.38,24,34603.66,4,39941.22,37806.2,35671.17,33536.15,31401.12,29266.1
APP00391,Melissa Doyle,Carrillo-Allen,34,Self-Employed,185532.75,217457.85,31925.1,62222.17,0,735.0,10776119.57,84,171005.47,1,189799.1,182281.65,174764.2,167246.75,159729.29,152211.84
APP00392,Kevin Cox,Moore LLC,35,Salaried,119288.47,149457.32,30168.85,2186.17,1,,1451849.7,48,232287.37,1,231849.71,232024.77,232199.84,232374.9,232549.97,232725.03
APP00393,Sally Vance,"Gibson, Hoffman and Joseph",25,Self-Employed,89737.69,100909.37,11171.68,4452.0,0,781.0,4094987.07,36,73996.11,1,80943.65,78164.63,75385.62,72606.61,69827.59,67048.58
APP00394,Sean Rocha,Green PLC,24,Salaried,33515.3,43634.6,10119.3,13955.75,0,649.0,1616960.28,24,78756.05,3,90744.7,85949.24,81153.78,76358.32,71562.86,66767.4
APP00395,Ashley Harris,Hill Group,46,Salaried,81745.61,112204.86,30459.25,17305.18,0,756.0,1490210.97,24,187041.89,0,187702.05,187437.98,187173.92,186909.86,186645.79,186381.73
APP00396,Andrew Abbott,Lozano PLC,36,Salaried,60623.72,75989.44,15365.71,16135.94,0,793.0,1335370.52,12,91596.43,2,101535.18,97559.68,93584.18,89608.68,85633.18,81657.68
APP00397,Madison Bryan,Perkins Inc,40,Salaried,73292.92,93361.17,20068.24,18153.75,0,737.0,1176774.61,24,189107.92,3,205864.62,199161.94,192459.26,185756.58,179053.9,172351.22
APP00398,Donna Garcia,Young and Sons,48,Salaried,69486.59,84957.58,15470.99,24254.88,0,617.0,2561239.42,48,125883.2,3,129330.28,127951.45,126572.62,125193.79,123814.96,122436.13
APP00399,Peter Harris,Richards Group,21,Salaried,69498.97,94599.25,25100.28,8073.96,0,688.0,4068527.63,60,127403.98,0,135528.33,132278.59,129028.85,125779.1,122529.36,119279.62
APP00400,Jeff Smith,King-Hudson,30,Salaried,52262.96,62000.24,9737.28,8124.99,0,701.0,1396791.92,24,102026.67,1,99399.62,100450.44,101501.26,102552.08,103602.91,104653.73
APP00401,Douglas Baldwin,Dalton Ltd,40,Salaried,103818.96,129700.1,25881.14,16608.6,0,686.0,6677670.19,60,215366.11,2,237795.64,228823.82,219852.01,210880.2,201908.39,192936.57
APP00402,Frank Maynard,Faulkner-Joseph,42,Salaried,80624.09,96175.66,15551.57,11025.0,0,693.0,1294185.18,24,223470.68,3,254489.0,242081.67,229674.35,217267.02,204859.69,192452.36
APP00403,Sarah Montgomery,Williams Inc,34,Self-Employed,48667.71,55583.77,6916.06,5295.09,0,701.0,1590767.77,12,113209.94,0,113473.53,113368.09,113262.66,113157.22,113051.79,112946.35
APP00404,Jason Graham,Mckee Inc,48,Salaried,71912.7,93149.34,21236.64,18495.37,1,,1864389.91,48,68533.01,1,68925.25,68768.35,68611.46,68454.56,68297.66,68140.77
APP00405,Hannah Bush,Molina-Thompson,40,Salaried,57964.32,69357.08,11392.76,10418.54,0,729.0,4025513.75,84,34160.24,0,36146.78,35352.17,34557.55,33762.94,32968.32,32173.7
APP00406,Claire Atkins,Fisher PLC,26,Self-Employed,95017.63,110741.89,15724.25,27104.59,0,703.0,2092063.76,36,228150.04,2,256005.67,244863.42,233721.17,222578.92,211436.67,200294.42
APP00407,Robert Jackson,Allison-Roman,29,Salaried,54516.47,66855.78,12339.31,7717.69,1,,3441339.17,48,118780.04,0,123491.91,121607.16,119722.42,117837.67,115952.92,114068.17
APP00408,Dale Gill,"Thornton, Aguilar and Griffin",46,Salaried,86356.8,104980.9,18624.1,11349.17,0,771.0,3722075.33,36,157870.32,0,166147.94,162836.9,159525.85,156214.8,152903.75,149592.7
APP00409,April Henry,Barrett-Willis,43,Salaried,61309.21,76059.54,14750.33,8351.44,0,662.0,1729417.5,36,98469.02,0,99216.96,98917.78,98618.61,98319.43,98020.25,97721.08
APP00410,Robert Lopez MD,Roach-Rivers,21,Salaried,28191.97,38660.65,10468.67,8159.59,0,790.0,1045234.38,24,69290.91,1,75998.04,73315.19,70632.34,67949.49,65266.64,62583.79
APP00411,Ronnie Green,Graham PLC,51,Self-Employed,129638.5,154111.94,24473.44,60351.59,0,690.0,2575085.55,48,60215.06,1,65990.49,63680.32,61370.14,59059.97,56749.8,54439.62
APP00412,Diane Lewis,Hudson-White,44,Salaried,45950.75,56674.67,10723.92,8114.83,0,740.0,2228122.5,48,37209.59,1,38302.38,37865.27,37428.15,36991.03,36553.92,36116.8
APP00413,Kathleen Rodriguez,"Frye, Schneider and Jenkins",51,Self-Employed,110596.61,121860.91,11264.3,7780.69,0,780.0,5752231.57,48,137957.17,0,142049.49,140412.56,138775.63,137138.71,135501.78,133864.85
APP00414,Angela French,"Scott, Short and Haynes",34,Self-Employed,80180.16,88857.06,8676.9,10520.36,0,769.0,3090026.45,24,224301.81,2,226253.46,225472.8,224692.14,223911.48,223130.83,222350.17
APP00415,Rachel Burton,Weber Group,35,Salaried,31586.77,39925.7,8338.92,11228.12,0,730.0,1880121.02,84,58113.74,1,64115.09,61714.55,59314.01,56913.47,54512.93,52112.39
APP00416,James Foster,Powers Inc,27,Self-Employed,28132.45,30982.55,2850.1,3028.68,0,737.0,1631428.18,48,53288.95,1,57394.35,55752.19,54110.03,52467.87,50825.71,49183.55
APP00417,Angelica Beasley,Alvarez-Gregory,63,Salaried,60005.82,78895.44,18889.62,11905.3,1,,3149312.15,36,73342.93,1,69521.66,71050.17,72578.68,74107.19,75635.7,77164.21
APP00418,Daniel Baker,"Blanchard, Preston and Owens",36,Salaried,46569.74,60311.97,13742.23,12429.25,0,571.0,2660661.41,36,36100.29,3,37294.09,36816.57,36339.05,35861.53,35384.01,34906.49
APP00419,Kathryn Gray,Floyd-Hall,54,Salaried,44427.34,55790.58,11363.24,2197.89,0,745.0,1675994.97,48,23466.68,1,24114.79,23855.55,23596.3,23337.06,23077.81,22818.57
APP00420,Cynthia Murray,Davis-Maddox,32,Salaried,89397.91,107643.11,18245.2,10594.91,1,,1907750.94,60,71884.71,0,69965.39,70733.12,71500.84,72268.57,73036.3,73804.03
APP00421,Nicole Mullins,"Ortiz, Nixon and Mccullough",40,Salaried,63453.95,87429.57,23975.62,10505.23,0,711.0,2773054.44,24,54398.79,0,54598.67,54518.72,54438.77,54358.82,54278.87,54198.92
APP00422,Hannah Murphy,Wood Ltd,21,Salaried,65424.31,81561.84,16137.53,8273.85,1,,2597886.68,60,108932.76,0,113433.93,111633.46,109833.0,108032.53,106232.06,104431.6
APP00423,Ryan Bates,James-Snyder,34,Self-Employed,44203.91,49624.59,5420.68,8678.33,0,553.0,924400.79,24,56415.07,4,61534.6,59486.79,57438.98,55391.17,53343.36,51295.55
APP00424,Carolyn Gonzales,Anderson-Walker,48,Salaried,86763.39,120180.27,33416.88,16593.94,0,714.0,4663714.06,84,231096.81,1,238881.48,235767.61,232653.74,229539.87,226426.0,223312.13
APP00425,Lauren Martinez,Koch Inc,25,Salaried,41578.54,55260.0,13681.45,8737.96,0,781.0,1606762.56,12,104296.68,1,102959.27,103494.23,104029.2,104564.17,105099.13,105634.1
APP00426,Stephen Young,Hicks Group,49,Self-Employed,67485.65,77773.64,10287.99,23694.25,0,714.0,3545118.6,84,105059.51,3,127230.87,118362.32,109493.78,100625.23,91756.69,82888.14
APP00427,Eric Warner,"Fisher, Miller and Aguilar",41,Salaried,92900.41,115488.17,22587.76,40057.64,1,,2180460.51,36,66696.8,1,69267.97,68239.51,67211.04,66182.57,65154.1,64125.63
APP00428,Brittney Moore,Ray-Kelly,28,Self-Employed,57020.98,67325.59,10304.61,14474.12,0,610.0,1482803.23,60,64392.64,2,69118.52,67228.17,65337.82,63447.46,61557.11,59666.76
APP00429,Gabriel Boyd,"Chang, Edwards and Shepherd",33,Self-Employed,42843.77,50095.61,7251.83,5142.97,0,664.0,756432.46,12,22826.67,1,24523.99,23845.06,23166.13,22487.21,21808.28,21129.35
APP00430,Garrett Lopez,"Smith, Lowe and Martin",33,Salaried,39799.24,54146.66,14347.43,4266.57,0,776.0,2645433.59,36,81159.29,0,83986.94,82855.88,81724.82,80593.76,79462.7,78331.65
APP00431,Monica Garcia,Wilson-Soto,38,Salaried,74433.31,102957.18,28523.87,18250.49,0,685.0,3975260.22,48,95521.81,1,102771.17,99871.43,96971.68,94071.94,91172.2,88272.45
APP00432,Ashley Cruz,Houston-May,33,Salaried,75798.09,97854.57,22056.48,6822.41,0,829.0,2314470.74,48,203872.99,1,224745.65,216396.59,208047.53,199698.46,191349.4,183000.34
APP00433,Dr. Morgan Graham,"Wright, Vargas and Mack",30,Salaried,55573.37,74848.62,19275.26,18974.86,0,702.0,840280.02,12,59501.84,1,65236.04,62942.36,60648.68,58355.0,56061.31,53767.63
APP00434,Mark Rodriguez,Miranda-Turner,35,Salaried,47075.82,64375.74,17299.93,784.88,0,764.0,1516002.53,36,122702.71,0,118156.82,119975.18,121793.53,123611.89,125430.24,127248.6
APP00435,James Johnson,Martin-Brown,28,Salaried,77582.42,94231.18,16648.76,28926.54,0,695.0,4562101.53,60,93733.63,2,109899.82,103433.35,96966.87,90500.39,84033.92,77567.44
APP00436,Richard Steele,Atkinson-Golden,25,Salaried,178106.34,231795.44,53689.1,49842.78,0,681.0,11745290.24,84,326843.71,1,352591.85,342292.59,331993.34,321694.08,311394.82,301095.56
APP00437,Mackenzie Ford,"Williams, Prince and Larson",38,Self-Employed,50776.58,60175.64,9399.06,2894.65,0,753.0,1116805.67,24,68473.59,0,77058.46,73624.51,70190.57,66756.62,63322.68,59888.73
APP00438,Larry Sullivan,Swanson-Nelson,47,Salaried,87998.49,117949.25,29950.76,5262.19,0,705.0,5936921.1,48,215330.19,0,223135.38,220013.3,216891.23,213769.15,210647.07,207524.99
APP00439,Susan Jordan,Yates and Sons,23,Self-Employed,67071.34,78696.85,11625.51,16210.9,0,701.0,1617482.38,12,62536.03,1,64764.97,63873.39,62981.81,62090.24,61198.66,60307.09
APP00440,Nicole Fisher,Dominguez Inc,38,Self-Employed,10408.61,11907.03,1498.43,3343.42,0,633.0,146821.69,24,7863.87,3,8789.09,8419.0,8048.92,7678.83,7308.74,6938.66
APP00441,Nathan Beard,Hall LLC,32,Salaried,67747.82,91855.48,24107.65,7389.7,0,754.0,1351441.88,24,40301.72,0,40762.29,40578.06,40393.84,40209.61,40025.38,39841.16
APP00442,Melissa Phelps,"Floyd, Young and Johnson",28,Salaried,44223.0,56250.73,12027.72,14419.21,0,561.0,579836.0,12,53791.58,4,64370.61,60139.0,55907.39,51675.78,47444.17,43212.56
APP00443,Margaret Gibson,Michael and Sons,47,Salaried,141019.26,173720.88,32701.61,32542.98,0,616.0,3731569.72,60,291250.0,1,298632.16,295679.3,292726.43,289773.56,286820.7,283867.83
APP00444,Mark Garcia,Harrison Inc,33,Salaried,57890.54,73071.79,15181.25,2180.5,0,762.0,3368988.22,24,94081.51,1,101125.19,98307.72,95490.25,92672.78,89855.31,87037.84
APP00445,Richard Marquez,"Bailey, Carter and Adkins",53,Self-Employed,39893.03,47172.35,7279.32,6163.23,0,700.0,1624513.72,24,95995.28,3,100687.16,98810.4,96933.65,95056.9,93180.15,91303.4
APP00446,Danielle Henderson,Cook-Ho,30,Salaried,56579.18,67377.78,10798.6,4382.7,1,,3368613.37,36,106919.55,0,106821.74,106860.87,106899.99,106939.11,106978.23,107017.36
APP00447,Marc Ortiz,Martin-Davis,42,Salaried,77954.27,91882.61,13928.34,9054.85,0,724.0,1369379.9,24,134699.31,0,139239.06,137423.16,135607.26,133791.36,131975.46,130159.55
APP00448,Tara White,"Williams, Beltran and Anderson",36,Salaried,52369.09,62212.59,9843.5,18080.8,0,640.0,2980266.11,60,75689.27,0,73332.11,74274.97,75217.84,76160.7,77103.56,78046.42
APP00449,Paula Price,"Murphy, Shaw and Thomas",30,Salaried,60963.03,73210.97,12247.94,13616.56,0,829.0,1230466.13,12,32503.28,1,34865.07,33920.35,32975.64,32030.92,31086.21,30141.49
APP00450,William Johnson MD,"Hickman, Castro and Williams",44,Salaried,40219.63,49058.25,8838.61,11808.54,0,617.0,1261432.22,24,67824.2,0,66839.32,67233.27,67627.22,68021.18,68415.13,68809.08
APP00451,Richard Shepard,Combs Group,36,Salaried,60880.32,73157.8,12277.48,7002.02,0,841.0,4143715.92,36,56102.81,0,56614.63,56409.9,56205.17,56000.44,55795.71,55590.98
APP00452,Ashley Andrews,Phillips-Smith,44,Self-Employed,115744.83,127392.14,11647.31,25738.94,0,672.0,6461663.56,48,72676.14,0,74693.74,73886.7,73079.66,72272.62,71465.58,70658.54
APP00453,Michelle Hunt,Robles-Pham,38,Salaried,167435.18,205455.86,38020.68,21469.53,0,761.0,9346959.32,84,118338.5,0,114310.87,115921.92,117532.97,119144.03,120755.08,122366.14
APP00454,Sandra Boyd,Jones and Sons,27,Self-Employed,89367.86,103567.67,14199.81,21261.98,0,659.0,4534780.29,60,71882.34,3,77835.77,75454.4,73073.03,70691.66,68310.29,65928.91
APP00455,Travis Clark,Bauer Group,37,Salaried,77077.76,102312.16,25234.4,33711.35,1,,2626152.63,48,123514.42,0,130311.01,127592.37,124873.74,122155.1,119436.46,116717.82
APP00456,Jenna Farmer,Moody-Hall,39,Salaried,118990.63,150909.49,31918.86,30947.78,0,712.0,5908940.93,84,125833.81,4,143250.91,136284.07,129317.23,122350.39,115383.54,108416.7
APP00457,William Kelly,Summers Group,48,Salaried,119627.87,163978.6,44350.73,8217.69,0,779.0,4523457.95,48,142934.04,1,146216.45,144903.49,143590.52,142277.55,140964.59,139651.62
APP00458,Donald Ross,"Graham, Smith and Mahoney",29,Salaried,130241.59,154247.77,24006.18,69724.79,0,598.0,7740485.25,48,146197.75,4,169970.96,160461.68,150952.39,141443.11,131933.83,122424.54
APP00459,Jason Fisher,Rodriguez Ltd,38,Self-Employed,133889.88,159133.5,25243.62,25857.52,0,672.0,7023312.74,36,349757.22,0,363899.35,358242.5,352585.64,346928.79,341271.94,335615.09
APP00460,Heather Baker,Allen-Green,21,Self-Employed,46040.36,50803.25,4762.88,12253.95,1,,3009163.63,36,45677.91,3,52989.34,50064.77,47140.2,44215.63,41291.05,38366.48
APP00461,Patrick Case,Boyd-Rivera,45,Salaried,84025.41,108839.92,24814.51,18364.7,0,777.0,5227359.43,60,93716.07,2,113099.08,105345.88,97592.67,89839.47,82086.27,74333.06
APP00462,Colleen Solis,Johnson Ltd,27,Salaried,64983.5,78923.97,13940.46,10961.95,0,738.0,4051397.02,60,67083.86,0,68871.0,68156.14,67441.29,66726.43,66011.58,65296.73
APP00463,Daniel Anderson,Walker LLC,21,Salaried,63010.15,83265.91,20255.76,8703.15,0,717.0,1114414.12,36,75487.12,0,77704.56,76817.58,75930.61,75043.63,74156.65,73269.68
APP00464,Rhonda Walters,Bowman Ltd,37,Salaried,74633.47,99132.51,24499.04,4353.15,0,764.0,989151.98,24,90175.32,0,85357.75,87284.78,89211.81,91138.84,93065.86,94992.89
APP00465,Justin Perez,Mendez-Winters,49,Salaried,53180.62,71465.56,18284.95,7181.06,0,740.0,1857590.92,12,127779.58,0,127062.48,127349.32,127636.16,127923.0,128209.84,128496.68
APP00466,Heather Fowler,Andersen Ltd,23,Salaried,21982.7,27083.04,5100.34,4147.96,0,799.0,1510162.42,36,58693.31,0,56727.01,57513.53,58300.05,59086.57,59873.09,60659.61
APP00467,Rose Mcdonald,Anderson-Brown,27,Self-Employed,34056.66,37938.65,3881.98,1935.92,0,674.0,1647440.96,48,49089.43,1,46401.65,47476.76,48551.88,49626.99,50702.1,51777.22
APP00468,Joshua Martinez,Wise-Wilcox,31,Self-Employed,13923.26,16366.84,2443.58,3124.75,0,693.0,650135.31,48,32993.82,2,35744.94,34644.49,33544.04,32443.59,31343.15,30242.7
APP00469,Heather Jefferson,"Maldonado, Miles and Trujillo",27,Self-Employed,57155.3,66738.09,9582.79,17580.97,0,632.0,3516196.14,12,36999.74,2,41827.04,39896.12,37965.2,36034.28,34103.36,32172.44
APP00470,James King,Stewart-Griffith,42,Salaried,72472.79,91632.19,19159.4,19538.46,0,793.0,3625819.88,48,106914.53,0,106144.05,106452.24,106760.44,107068.63,107376.82,107685.01
APP00471,Cody Smith,Hampton LLC,30,Salaried,29369.52,36997.57,7628.05,4903.57,0,838.0,550565.13,24,68799.25,0,72281.71,70888.73,69495.74,68102.76,66709.78,65316.8
APP00472,Diana Sanchez,Carter LLC,31,Salaried,86208.67,109844.7,23636.03,6169.41,0,739.0,3485175.97,48,60318.82,0,61622.69,61101.14,60579.59,60058.05,59536.5,59014.95
APP00473,John Patterson,"Young, Thompson and Soto",44,Salaried,109269.07,150541.68,41272.62,9794.27,0,759.0,6997017.29,84,312755.75,1,301556.9,306036.44,310515.98,314995.52,319475.06,323954.6
APP00474,Mary Cox,Murray and Sons,30,Salaried,65176.51,78191.39,13014.87,8369.7,0,820.0,3935422.72,12,91381.11,0,90317.85,90743.16,91168.46,91593.77,92019.07,92444.38
APP00475,Sarah Brown,Wilson-Hunter,42,Salaried,153180.92,198270.75,45089.83,54329.12,0,609.0,2404589.54,84,220298.22,5,245503.09,235421.14,225339.2,215257.25,205175.3,195093.36
APP00476,Susan Bowers,"Kane, Jennings and Alvarez",28,Self-Employed,204800.07,242925.96,38125.89,23613.86,1,,14730213.93,48,552823.76,2,625679.49,596537.2,567394.91,538252.61,509110.32,479968.03
APP00477,Ronald Schultz,Rowe-Rodriguez,26,Salaried,34362.18,41065.48,6703.3,3035.51,0,805.0,1486613.8,84,91950.12,0,92795.62,92457.42,92119.22,91781.02,91442.82,91104.62
APP00478,Adam Lynn,Hanson Group,21,Salaried,87693.74,116395.01,28701.27,9757.43,0,769.0,2575194.39,60,84635.08,0,81069.25,82495.59,83921.92,85348.25,86774.58,88200.91
APP00479,Danielle Garcia,Jones-Lara,57,Salaried,92219.21,124026.88,31807.67,9737.44,1,,3489088.3,36,143235.48,1,157870.96,152016.77,146162.57,140308.38,134454.19,128599.99
APP00480,David Parsons,"Walker, Flores and Woods",35,Salaried,80334.36,98246.1,17911.74,7521.88,0,814.0,5509419.01,120,179000.63,1,183779.5,181867.95,179956.4,178044.85,176133.3,174221.75
APP00481,Christian Strong,"Barnes, Thornton and Nichols",40,Salaried,107618.58,133631.23,26012.65,24844.98,0,690.0,7078349.41,60,157088.87,3,170214.14,164964.03,159713.92,154463.81,149213.7,143963.59
APP00482,Carol Vance,"Peck, Montgomery and Garcia",38,Self-Employed,37929.95,43267.52,5337.57,2469.45,0,624.0,1264046.68,12,104564.12,1,120072.47,113869.13,107665.79,101462.44,95259.1,89055.76
APP00483,Rachael Barnett,Miller-Nielsen,40,Salaried,54137.35,75046.21,20908.86,5006.09,0,762.0,2720435.97,24,51658.73,0,48126.3,49539.27,50952.25,52365.22,53778.19,55191.16
APP00484,Rachel Roberson,Johnson PLC,38,Salaried,47582.56,65005.5,17422.94,5941.18,1,,776153.65,24,131105.42,0,137812.28,135129.53,132446.79,129764.04,127081.3,124398.55
APP00485,Michael Schmidt,Brown Ltd,57,Salaried,53843.45,73828.95,19985.49,12054.24,0,835.0,3205632.17,60,98194.47,0,101609.53,100243.51,98877.48,97511.46,96145.43,94779.41
APP00486,Jessica Andrade,"Johnson, Sandoval and Phelps",28,Salaried,58139.67,72462.44,14322.77,15509.93,0,684.0,960332.54,24,102492.84,2,102418.79,102448.41,102478.03,102507.65,102537.27,102566.9
APP00487,Deborah Young,"Townsend, Kim and Miller",22,Self-Employed,18368.45,21841.2,3472.74,2853.68,0,705.0,1009989.22,60,37413.24,1,42418.36,40416.31,38414.26,36412.21,34410.16,32408.11
APP00488,Johnny Brown,Terry-Baldwin,28,Self-Employed,26572.03,30496.68,3924.65,6064.14,1,,824253.53,12,27359.06,0,27500.88,27444.16,27387.43,27330.7,27273.97,27217.24
APP00489,Charles Henry,"Williams, Roberts and Tate",25,Salaried,75602.54,97890.44,22287.9,17786.45,0,705.0,1597146.42,84,107391.76,2,118306.05,113940.33,109574.62,105208.9,100843.19,96477.48
APP00490,Mr. Scott Smith PhD,Moreno Ltd,45,Salaried,72449.13,94791.77,22342.64,23339.7,0,548.0,1495230.87,36,63616.63,5,73983.3,69836.63,65689.97,61543.3,57396.63,53249.96
APP00491,Justin Ortega,Stewart PLC,46,Salaried,89847.75,119136.67,29288.92,19135.57,0,716.0,6320605.87,84,201893.53,1,220558.95,213092.78,205626.61,198160.44,190694.28,183228.11
APP00492,Jaime Barnes,"Whitaker, Jackson and Thompson",28,Self-Employed,14722.63,16656.91,1934.28,1180.63,0,709.0,372929.72,24,18763.11,1,18137.79,18387.91,18638.04,18888.17,19138.3,19388.42
APP00493,Angela Walsh,Zimmerman-Cox,24,Self-Employed,30184.92,34263.41,4078.48,14928.49,0,676.0,1213048.36,24,19498.7,6,24718.53,22630.6,20542.66,18454.73,16366.8,14278.87
APP00494,Alyssa Lynch,Ellis PLC,34,Salaried,51189.74,61394.73,10204.98,19030.82,0,829.0,1093560.13,24,113518.54,1,119561.26,117144.17,114727.08,112309.99,109892.9,107475.81
APP00495,Tara Rivera,Davis Ltd,52,Salaried,76740.35,104137.99,27397.64,6028.01,0,662.0,3178485.54,36,100276.46,1,101037.74,100733.23,100428.71,100124.2,99819.69,99515.18
APP00496,Ms. Kari Merritt,"Strong, Kennedy and Huber",21,Salaried,42245.82,53399.76,11153.94,4786.79,0,651.0,2585920.38,60,114598.75,2,122462.18,119316.81,116171.43,113026.06,109880.69,106735.32
APP00497,Nathan Garrett,"Cochran, Blake and Long",43,Salaried,111325.54,153510.57,42185.03,18144.24,0,651.0,2999932.49,60,164978.56,2,178820.12,173283.49,167746.87,162210.25,156673.62,151137.0
APP00498,Scott Diaz,Gross and Sons,27,Self-Employed,52321.5,58830.02,6508.51,7517.49,1,,2869827.74,60,103302.05,1,109094.0,106777.22,104460.44,102143.66,99826.88,97510.1
APP00499,Joseph Townsend,"Lee, Mullen and Rodriguez",48,Salaried,76206.24,99183.06,22976.82,21905.38,0,641.0,2540128.86,36,160824.59,2,166392.24,164165.18,161938.12,159711.06,157484.0,155256.94
APP00500,Jeffrey Henderson,"Morgan, Wright and Scott",27,Salaried,60316.34,83726.84,23410.5,10470.89,0,733.0,1174742.46,12,98574.13,0,98468.87,98510.97,98553.08,98595.18,98637.29,98679.39
APP00501,Samantha Carter,Olsen-Dominguez,35,Salaried,91519.04,120554.13,29035.1,20624.76,0,757.0,5559135.09,60,232273.21,2,251344.32,243715.88,236087.43,228458.99,220830.54,213202.1
APP00502,Jennifer Gordon,"Morris, Thompson and Garner",23,Salaried,45817.34,62456.36,16639.02,5630.98,1,,1495140.68,84,108531.26,0,116102.58,113074.05,110045.53,107017.0,103988.48,100959.95
APP00503,Jonathan Proctor,Fleming-Keller,28,Self-Employed,121212.35,144776.04,23563.69,7317.46,1,,6101142.15,84,320840.05,4,352741.07,339980.66,327220.26,314459.85,301699.44,288939.04
APP00504,Rebecca Rivera,Underwood and Sons,52,Salaried,93019.89,119175.11,26155.23,2639.9,0,641.0,6430842.1,36,167749.17,0,163843.76,165405.92,166968.09,168530.25,170092.41,171654.57
APP00505,Edwin Willis,"Cooper, Cobb and King",46,Self-Employed,76577.45,85485.62,8908.18,19237.44,0,769.0,4239740.45,84,55154.48,1,58344.71,57068.62,55792.52,54516.43,53240.34,51964.24
APP00506,Rachel Williams,Lam LLC,34,Salaried,66971.07,87177.14,20206.07,8063.33,0,817.0,2132404.8,60,58674.82,0,55331.19,56668.64,58006.09,59343.54,60680.99,62018.44
APP00507,Stacey Gardner,Allison LLC,29,Salaried,77851.15,101740.89,23889.74,16249.66,1,,3807681.33,84,60347.61,2,70693.35,66555.05,62416.76,58278.47,54140.17,50001.88
APP00508,Eric Smith,Turner-Williamson,21,Self-Employed,101778.32,115014.09,13235.77,6260.23,0,648.0,5795473.51,84,181079.65,0,159860.72,168348.29,176835.87,185323.44,193811.01,202298.59
APP00509,Thomas Franklin,Gray-Rodriguez,34,Salaried,100581.34,121746.82,21165.48,20075.77,0,703.0,2508731.46,48,260463.7,2,282328.83,273582.78,264836.72,256090.67,247344.62,238598.56
APP00510,Rachel Browning,Smith Ltd,38,Salaried,81745.1,101580.71,19835.61,16193.8,0,761.0,5664558.4,60,138636.4,2,156879.64,149582.34,142285.05,134987.76,127690.46,120393.17
APP00511,Lisa Sims,Avila-Carrillo,37,Salaried,101186.77,135171.12,33984.35,37004.78,0,762.0,2592010.26,36,130186.74,0,147472.82,140558.39,133643.96,126729.53,119815.1,112900.66
APP00512,Linda Becker,"Campos, Sanchez and Gillespie",37,Salaried,71930.89,88953.8,17022.92,6495.28,1,,1024038.4,36,53680.51,1,53289.63,53445.98,53602.33,53758.69,53915.04,54071.39
APP00513,Michael Ellis,Ewing Ltd,27,Salaried,105333.5,141079.54,35746.04,35026.32,1,,4628218.29,48,126250.7,4,140484.31,134790.86,129097.42,123403.98,117710.54,112017.1
APP00514,Ashley White,Fischer LLC,37,Salaried,67388.32,83934.91,16546.59,20718.91,0,729.0,2725842.43,24,54776.67,0,57465.94,56390.23,55314.52,54238.81,53163.1,52087.39
APP00515,Raymond Sloan,Wagner-Nguyen,38,Salaried,27130.43,36385.49,9255.06,2902.55,1,,577933.43,48,42143.99,1,43856.33,43171.39,42486.46,41801.52,41116.59,40431.65
APP00516,Jackie Carson,Franco-Anderson,51,Self-Employed,175386.93,203352.7,27965.77,19026.28,0,824.0,7189982.88,120,273163.75,2,288161.15,282162.19,276163.23,270164.27,264165.31,258166.34
APP00517,Kristina Scott,"Reeves, Lambert and Brown",57,Salaried,79385.83,109078.89,29693.06,11781.99,0,718.0,2247828.98,24,208412.2,1,221862.37,216482.3,211102.23,205722.17,200342.1,194962.03
APP00518,Javier Flores,Abbott and Sons,37,Self-Employed,27313.46,30608.33,3294.87,3323.97,0,641.0,1660637.78,48,38211.62,2,38491.29,38379.42,38267.56,38155.69,38043.82,37931.96
APP00519,Martin Peck,"Marks, Daniels and Bartlett",30,Salaried,57097.78,76146.85,19049.07,14719.91,0,659.0,2368999.99,48,134709.62,2,141541.8,138808.93,136076.06,133343.18,130610.31,127877.44
APP00520,Keith Williams,"Krause, Shah and Harrison",37,Salaried,45819.94,57877.07,12057.13,4998.43,1,,1991837.37,36,26201.66,2,28020.94,27293.23,26565.52,25837.81,25110.1,24382.39
APP00521,Robert Johnston,Casey-Kane,32,Salaried,164868.55,200269.25,35400.7,34912.16,0,710.0,3402931.92,36,201226.64,1,228035.62,217312.03,206588.44,195864.84,185141.25,174417.66
APP00522,Jill Smith,Blair LLC,31,Salaried,79126.94,95524.63,16397.7,7320.18,1,,5443776.45,36,173939.43,1,168338.28,170578.74,172819.2,175059.66,177300.12,179540.59
APP00523,Kevin Pace,Brown Inc,37,Salaried,33667.22,41162.58,7495.37,4072.69,0,647.0,915752.24,24,51148.22,1,54410.31,53105.47,51800.64,50495.8,49190.97,47886.13
APP00524,Mrs. Jennifer Garcia,Tanner-Leach,28,Salaried,77707.56,102018.86,24311.3,9794.9,0,804.0,3653783.55,36,50786.3,0,54203.75,52836.77,51469.79,50102.81,48735.83,47368.86
APP00525,Christy Hernandez,Perez Inc,44,Salaried,61824.16,83598.89,21774.73,21454.45,0,814.0,3622300.5,60,71131.63,1,71391.03,71287.27,71183.51,71079.75,70975.99,70872.23
APP00526,Aaron Sutton,"Jones, Figueroa and Gonzalez",37,Salaried,161579.47,199353.08,37773.62,17865.06,0,717.0,6982595.61,120,287539.64,3,305837.79,298518.53,291199.27,283880.01,276560.76,269241.5
APP00527,Vincent Davis,Bowman-Collins,41,Salaried,44522.02,55248.42,10726.39,6868.47,0,633.0,1389112.1,12,118719.52,2,138877.06,130814.04,122751.03,114688.01,106625.0,98561.98
APP00528,Betty Smith,Finley-Collins,36,Self-Employed,12705.6,14110.06,1404.46,4670.81,0,604.0,642865.04,12,11336.94,3,13648.02,12723.59,11799.16,10874.72,9950.29,9025.86
APP00529,Dana Gross,"Eaton, Ray and Flores",31,Salaried,65152.86,83403.33,18250.47,2242.37,0,715.0,3586350.54,60,46356.55,1,48624.5,47717.32,46810.14,45902.96,44995.78,44088.6
APP00530,Anthony Schroeder,Gross-Collins,29,Salaried,52670.19,63028.41,10358.23,8601.03,0,639.0,1070241.18,12,115801.04,1,128310.55,123306.75,118302.95,113299.14,108295.34,103291.53
APP00531,Savannah Blair,Berry-Rodriguez,36,Self-Employed,45757.41,51673.4,5915.99,7586.32,0,656.0,1250177.52,12,85546.73,0,87956.9,86992.83,86028.76,85064.69,84100.62,83136.55
APP00532,Mark Fletcher,"Cuevas, Kemp and Jones",33,Salaried,24761.5,33817.83,9056.33,5379.64,1,,569176.85,12,30323.18,1,27929.26,28886.83,29844.4,30801.97,31759.54,32717.11
APP00533,Timothy King,Butler-Gilmore,40,Salaried,85640.31,109423.43,23783.12,4431.84,1,,1144493.83,48,123306.05,0,105685.92,112733.97,119782.03,126830.08,133878.14,140926.19
APP00534,Michelle Smith,"Perez, Clark and Daniels",38,Salaried,146565.74,181011.49,34445.75,11925.59,0,765.0,7221193.99,60,185583.47,1,192440.69,189697.8,186954.91,184212.03,181469.14,178726.26
APP00535,Matthew Roth,"Dominguez, Martinez and Rocha",24,Salaried,24343.82,32372.22,8028.4,2810.04,0,651.0,1751214.05,36,49501.02,1,49453.85,49472.72,49491.59,49510.46,49529.33,49548.19
APP00536,Eric Blair,Murray PLC,39,Salaried,118320.94,139219.4,20898.46,16555.7,0,817.0,3355072.57,60,293189.27,2,299817.33,297166.1,294514.88,291863.66,289212.43,286561.21
APP00537,Scott Tucker,Johnson-Anderson,25,Self-Employed,35594.46,41759.17,6164.71,2491.08,0,794.0,2429801.89,36,42916.3,1,44605.93,43930.08,43254.23,42578.38,41902.53,41226.68
APP00538,Jacob Andrews,White LLC,32,Self-Employed,301583.76,356027.59,54443.83,37167.03,0,776.0,10590681.82,36,785139.24,1,874580.32,838803.88,803027.45,767251.02,731474.59,695698.16
APP00539,Michael Thomas,"Mccormick, Kelly and Walker",35,Salaried,80976.35,102929.48,21953.14,26775.08,0,637.0,5408579.25,24,104527.95,2,108416.64,106861.17,105305.69,103750.22,102194.74,100639.27
APP00540,Heidi Newman,"Munoz, Brown and Richardson",21,Salaried,50541.93,61459.12,10917.19,3880.16,0,849.0,892105.27,36,84001.22,0,85520.61,84912.85,84305.1,83697.34,83089.58,82481.82
APP00541,Jennifer Cruz,"Hamilton, James and Mckinney",39,Self-Employed,137662.79,154235.28,16572.49,38702.3,0,663.0,4274690.19,60,135001.08,2,143377.06,140026.67,136676.27,133325.88,129975.49,126625.1
APP00542,Theresa Mueller,Harris-Turner,40,Salaried,89550.68,122173.69,32623.01,19621.35,0,802.0,5623559.86,84,57168.1,2,59544.92,58594.19,57643.46,56692.73,55742.01,54791.28
APP00543,Ebony Brown,Robertson-Compton,36,Salaried,51607.59,68182.41,16574.81,13981.2,0,779.0,3432837.74,48,44754.89,0,48062.41,46739.4,45416.4,44093.39,42770.38,41447.37
APP00544,Michele Wilcox,Payne-Mason,34,Self-Employed,98230.92,117776.18,19545.26,34171.24,0,620.0,5907429.04,36,91459.42,2,92252.16,91935.06,91617.96,91300.87,90983.77,90666.67
APP00545,Larry Madden,"Savage, Jacobs and Gray",34,Self-Employed,41791.04,46690.04,4898.99,4061.19,0,654.0,2212020.77,36,63384.8,4,70227.76,67490.58,64753.4,62016.21,59279.03,56541.85
APP00546,Lindsay Parker,"Yoder, Martin and Smith",28,Self-Employed,15798.69,18009.71,2211.03,2867.04,0,826.0,483849.81,24,24920.28,1,25817.65,25458.7,25099.75,24740.8,24381.85,24022.9
APP00547,Stephen Bennett,"Arnold, Malone and Oneill",35,Salaried,166030.26,221865.81,55835.55,49638.5,0,726.0,11803925.23,36,368817.09,3,418092.01,398382.04,378672.08,358962.11,339252.14,319542.18
APP00548,Lindsay Kemp,Brown-Brown,32,Self-Employed,45605.85,52767.33,7161.48,9341.94,0,686.0,2117003.34,24,57262.14,2,59531.47,58623.74,57716.01,56808.28,55900.55,54992.82
APP00549,Diane Smith,"Johnson, Shaw and Roach",39,Salaried,53106.21,67467.8,14361.6,5930.7,0,751.0,3247452.62,48,121037.44,0,116542.35,118340.39,120138.42,121936.46,123734.49,125532.53
APP00550,Jay Willis,"Friedman, Dixon and Cantu",26,Salaried,68860.23,82691.29,13831.06,3320.66,0,745.0,2473120.35,48,76254.29,1,80713.72,78929.95,77146.18,75362.4,73578.63,71794.85
APP00551,Stacy Williams,"Lewis, Hernandez and Gonzales",40,Salaried,35031.85,48155.8,13123.95,12904.95,0,654.0,2391234.8,36,48447.11,0,49238.42,48921.9,48605.37,48288.84,47972.32,47655.79
APP00552,Robin Camacho,Coleman PLC,39,Salaried,37986.84,46189.03,8202.2,7124.46,0,716.0,1875070.65,24,23801.16,0,24866.21,24440.19,24014.17,23588.15,23162.13,22736.11
APP00553,Denise Rosales,"Green, Hill and Fisher",37,Self-Employed,43701.47,51182.02,7480.55,8576.8,0,672.0,2389828.89,24,107603.68,1,119514.64,114750.25,109985.87,105221.49,100457.11,95692.73
APP00554,Melinda Mcintyre,"Fuller, Brown and Ayala",34,Self-Employed,41527.84,48125.95,6598.11,7146.45,0,659.0,853938.47,24,52425.22,3,58325.74,55965.53,53605.33,51245.12,48884.91,46524.71
APP00555,Bradley Spencer,Leach-Martin,44,Salaried,76407.23,102107.7,25700.46,15258.08,0,724.0,2814931.38,48,144540.58,2,150898.99,148355.62,145812.26,143268.9,140725.53,138182.17
APP00556,Christina Christensen,Ryan and Sons,21,Salaried,91147.96,121561.84,30413.88,24148.01,0,613.0,1623279.0,24,150622.26,3,162668.9,157850.24,153031.58,148212.93,143394.27,138575.61
APP00557,Cynthia Lawson,"Short, Hall and Thompson",43,Salaried,59098.17,74797.62,15699.45,3701.46,0,790.0,1965216.26,60,98483.63,0,93883.52,95723.57,97563.61,99403.66,101243.7,103083.74
APP00558,Julie Clark,Cherry Ltd,40,Salaried,88221.55,113095.81,24874.26,10844.92,0,744.0,4064287.8,48,90883.01,0,95303.0,93535.0,91767.01,89999.01,88231.01,86463.02
APP00559,Paul Conner,"Rodriguez, Ford and Wheeler",41,Self-Employed,99034.55,109563.04,10528.49,9424.24,0,787.0,2914434.06,48,241500.99,0,247917.71,245351.02,242784.33,240217.65,237650.96,235084.27
APP00560,Brandon Drake,Nelson Group,42,Self-Employed,30784.36,36156.94,5372.58,10163.71,1,,381295.27,36,43209.72,1,45894.28,44820.45,43746.63,42672.8,41598.98,40525.15
APP00561,Crystal Riley,"Williams, Raymond and Ramos",31,Self-Employed,67471.41,75980.13,8508.72,11791.25,1,,2553843.58,36,51053.76,1,51832.81,51521.19,51209.57,50897.95,50586.33,50274.71
APP00562,Stacey Boyd,Oneill PLC,35,Self-Employed,31273.66,34720.03,3446.37,5836.24,0,765.0,1798290.44,24,21257.92,0,21867.26,21623.52,21379.78,21136.05,20892.31,20648.58
APP00563,Kevin Lopez,"Perry, Flores and Jackson",44,Salaried,119400.29,141419.62,22019.33,6048.51,0,791.0,4150565.0,24,204739.59,0,215672.45,211299.3,206926.16,202553.02,198179.87,193806.73
APP00564,Christopher Haynes,Bright LLC,42,Salaried,88762.15,109315.48,20553.33,25821.08,0,701.0,5204802.67,36,145093.29,0,161554.57,154970.06,148385.54,141801.03,135216.51,128632.0
APP00565,Justin Powell,Wang-Sanchez,40,Salaried,71201.85,85476.79,14274.94,2078.69,0,786.0,2512598.58,48,83516.45,0,78844.66,80713.38,82582.09,84450.81,86319.52,88188.24
APP00566,Brittany Williams,Perez Group,23,Salaried,31001.24,37439.64,6438.4,3797.03,0,683.0,1394415.85,12,31636.53,0,30409.53,30900.33,31391.13,31881.93,32372.73,32863.53
APP00567,Jacqueline Rodriguez DDS,Montgomery-Turner,43,Self-Employed,72124.58,82099.26,9974.68,7421.44,0,710.0,2174721.89,24,176200.89,1,188644.24,183666.9,178689.56,173712.22,168734.87,163757.53
APP00568,Brooke Harper,Reid Group,50,Salaried,53550.47,66524.63,12974.16,5186.81,0,756.0,921017.23,24,112605.5,2,111186.74,111754.24,112321.75,112889.26,113456.76,114024.27
APP00569,Joseph Smith,Thomas PLC,48,Salaried,103904.28,127479.29,23575.01,7314.73,0,742.0,6119109.05,120,86124.23,0,87105.89,86713.22,86320.56,85927.9,85535.23,85142.57
APP00570,William Cline,Martinez-Phillips,40,Salaried,66980.06,81028.09,14048.03,8601.55,0,763.0,2866355.51,120,157947.53,0,156790.92,157253.57,157716.21,158178.86,158641.5,159104.15
APP00571,Mr. Dennis Maxwell,Castillo-Gonzales,22,Salaried,38732.02,50258.23,11526.2,3363.52,1,,2310481.38,60,23842.98,0,22579.04,23084.62,23590.19,24095.77,24601.35,25106.92
APP00572,Travis Saunders,"Tucker, Duffy and Ruiz",47,Self-Employed,131412.24,151408.49,19996.25,29090.81,1,,7764318.33,48,304741.55,1,327935.24,318657.76,309380.29,300102.81,290825.34,281547.86
APP00573,Tracey King,Ruiz PLC,37,Salaried,94361.71,118074.98,23713.28,27111.58,0,678.0,5540976.95,36,209412.71,0,224939.08,218728.53,212517.99,206307.44,200096.89,193886.34
APP00574,Curtis White,Porter and Sons,21,Salaried,42112.71,51059.01,8946.3,15673.38,0,709.0,1467348.39,24,27740.65,1,32121.73,30369.3,28616.87,26864.43,25112.0,23359.57
APP00575,Anthony Grant,Bell Group,42,Self-Employed,148306.21,174724.08,26417.86,26031.51,0,698.0,4391722.09,24,402827.56,2,425381.9,416360.17,407338.43,398316.7,389294.96,380273.23
APP00576,Judy Valentine,Powell LLC,23,Self-Employed,41792.03,46329.11,4537.08,11816.31,1,,1067413.4,12,98711.03,3,107307.81,103869.1,100430.38,96991.67,93552.96,90114.25
APP00577,Amy George,"Coleman, Bell and Vazquez",25,Salaried,50728.3,63387.39,12659.09,10335.32,0,672.0,2033929.32,48,43147.96,2,44507.46,43963.66,43419.86,42876.06,42332.26,41788.46
APP00578,Bryan Chung,Brewer-Marshall,32,Salaried,67745.95,82302.16,14556.21,16877.05,0,658.0,3265197.18,48,126543.84,0,126562.1,126554.79,126547.49,126540.18,126532.88,126525.57
APP00579,Justin Davidson,"Kelley, Williams and Mueller",51,Salaried,53898.45,71326.37,17427.92,17413.09,0,578.0,3433687.58,84,75097.85,1,79559.38,77774.77,75990.16,74205.54,72420.93,70636.32
APP00580,Mckenzie Long,Gomez-Soto,34,Self-Employed,43860.81,50516.21,6655.4,3030.46,0,727.0,3152354.12,36,36483.9,0,34671.33,35396.36,36121.39,36846.42,37571.45,38296.48
APP00581,Christopher Sheppard,"Morales, Reynolds and Evans",41,Self-Employed,58093.38,69240.59,11147.21,6469.95,0,622.0,3240243.42,36,55749.78,3,63534.75,60420.76,57306.78,54192.79,51078.81,47964.82
APP00582,Courtney Johnson MD,"Delgado, Francis and Smith",55,Salaried,150567.92,197251.69,46683.77,49862.62,0,708.0,6933612.76,84,127581.98,2,136654.14,133025.28,129396.41,125767.55,122138.69,118509.83
APP00583,Steven Conway,"Thomas, Diaz and York",54,Salaried,148506.58,193821.19,45314.6,9959.53,0,832.0,4352600.57,48,312861.3,0,307194.3,309461.1,311727.9,313994.7,316261.5,318528.3
APP00584,Amber Hartman,Lawrence-Byrd,37,Salaried,60700.56,72286.93,11586.36,2002.45,0,617.0,2852911.34,24,115225.4,0,116312.69,115877.77,115442.86,115007.94,114573.02,114138.1
APP00585,Maria Duke,Owen-Moore,36,Salaried,139069.11,163900.25,24831.14,7504.69,1,,4038135.5,120,396039.66,1,374008.64,382821.05,391633.46,400445.87,409258.27,418070.68
APP00586,Charles Fischer,"Powell, White and Wilson",25,Salaried,57175.36,74572.36,17397.0,5706.43,0,759.0,3671699.38,48,68748.72,0,68041.21,68324.22,68607.22,68890.22,69173.22,69456.23
APP00587,Megan Evans,Jensen Group,31,Salaried,75065.15,100352.71,25287.56,25402.55,0,779.0,1925566.89,60,106132.07,0,103364.43,104471.49,105578.54,106685.6,107792.66,108899.72
APP00588,Norma Garcia,Simpson-Cox,42,Salaried,107638.66,145861.43,38222.77,7637.43,0,763.0,3937951.07,48,148428.76,0,142950.09,145141.56,147333.03,149524.5,151715.97,153907.43
APP00589,David Martinez,Bailey PLC,42,Salaried,82482.93,114332.7,31849.77,19563.9,0,710.0,2100687.41,60,105793.36,2,115088.17,111370.25,107652.32,103934.4,100216.48,96498.55
APP00590,Mr. David Thomas,Fowler-Woods,39,Salaried,207095.92,281359.15,74263.22,42363.69,0,710.0,5192413.68,84,364225.53,3,365223.53,364824.33,364425.13,364025.94,363626.74,363227.54
APP00591,Alexandria Love,Scott-Lynch,48,Salaried,84376.82,108430.49,24053.67,19307.44,0,756.0,4882234.38,48,184155.37,0,179020.89,181074.68,183128.48,185182.27,187236.06,189289.85
APP00592,Andrew Pennington,"Hartman, Green and Wood",30,Salaried,36417.55,47876.52,11458.97,3738.05,1,,879650.95,12,76330.33,0,77177.85,76838.84,76499.83,76160.83,75821.82,75482.81
APP00593,Timothy Delacruz,Jones-Cochran,37,Salaried,122720.14,152634.01,29913.87,27008.76,1,,3839692.09,60,86084.76,0,88898.44,87772.97,86647.5,85522.03,84396.56,83271.08
APP00594,Brenda West,"Ryan, Hill and Cook",45,Salaried,62139.96,85963.89,23823.93,3865.57,1,,908502.17,24,71637.55,1,77650.98,75245.61,72840.24,70434.87,68029.5,65624.13
APP00595,Timothy Kirby,Martin-Vaughn,44,Salaried,64508.53,89185.11,24676.58,6755.11,0,697.0,4299461.77,48,126323.82,1,131990.75,129723.98,127457.21,125190.44,122923.67,120656.9
APP00596,Jodi Morgan,Jones and Sons,49,Salaried,19678.65,25960.32,6281.67,9439.8,0,651.0,1297125.48,36,35965.47,3,41217.39,39116.62,37015.86,34915.09,32814.32,30713.55
APP00597,Karen Fuller,Doyle and Sons,42,Self-Employed,132495.65,148550.21,16054.56,17712.36,0,687.0,4577646.25,48,330025.26,0,331803.07,331091.95,330380.82,329669.69,328958.57,328247.44
APP00598,Daniel Brown,Collins and Sons,35,Salaried,96183.29,123808.15,27624.85,25736.23,0,700.0,6463866.92,48,116860.57,0,123154.52,120636.94,118119.36,115601.78,113084.2,110566.63
APP00599,Kristen Thomas,Kim Inc,42,Salaried,103619.82,136155.74,32535.92,18997.49,0,697.0,2665517.95,60,155023.43,0,154005.7,154412.79,154819.88,155226.98,155634.07,156041.16
APP00600,Deborah Jenkins,"Maddox, Meadows and Rodriguez",28,Self-Employed,109590.69,129453.53,19862.83,44256.03,0,623.0,2977906.66,60,54279.36,2,59913.5,57659.84,55406.19,53152.53,50898.88,48645.22
APP00601,Devin Franco,Pierce Inc,22,Self-Employed,165771.74,192816.73,27044.99,7022.6,0,761.0,7520386.97,84,291655.46,2,330683.96,315072.56,299461.16,283849.76,268238.37,252626.97
APP00602,Christopher Henry,Hamilton and Sons,44,Self-Employed,65118.96,76819.47,11700.52,24393.59,0,646.0,1629273.68,24,66719.25,2,74820.86,71580.22,68339.57,65098.93,61858.29,58617.64
APP00603,Steven Wilson,Adkins Ltd,37,Self-Employed,119517.87,140694.84,21176.97,37689.55,0,583.0,7934903.77,120,182747.71,4,216320.64,202891.47,189462.3,176033.12,162603.95,149174.77
APP00604,Amy Jacobson,Henderson-Soto,41,Salaried,51160.59,66869.22,15708.63,9280.49,0,670.0,3593090.2,60,93100.92,1,103418.01,99291.17,95164.34,91037.5,86910.66,82783.82
APP00605,Christine Woods,"Molina, Harper and Davila",21,Self-Employed,39031.23,43321.68,4290.45,2853.18,0,747.0,755220.97,24,34902.34,0,35636.14,35342.62,35049.1,34755.58,34462.05,34168.53
APP00606,David Harris,Miller and Sons,34,Salaried,105744.04,140218.04,34474.0,9093.23,0,825.0,4109368.68,36,69741.99,3,72463.88,71375.13,70286.37,69197.62,68108.86,67020.11
APP00607,William Bolton,Williams LLC,32,Salaried,76405.91,96835.91,20430.01,13692.84,1,,2861783.78,60,158799.13,1,175106.81,168583.74,162060.67,155537.6,149014.53,142491.46
APP00608,Anne Roberts,"Benson, Jackson and Ford",29,Salaried,33805.55,45305.51,11499.96,733.07,0,812.0,2411227.58,48,77088.43,2,88840.65,84139.77,79438.88,74737.99,70037.1,65336.21
APP00609,Amy Barber,White PLC,21,Salaried,64711.01,77417.54,12706.53,14196.82,0,723.0,4605151.83,120,171056.1,2,185541.99,179747.63,173953.27,168158.92,162364.56,156570.21
APP00610,William Smith,Chambers-Montes,35,Salaried,61291.64,77945.27,16653.63,7870.27,0,607.0,962374.53,12,100905.4,0,87299.81,92742.05,98184.29,103626.52,109068.76,114511.0
APP00611,Glenda Taylor,Martinez-Vincent,47,Salaried,52320.44,64693.94,12373.51,13574.88,0,725.0,3625954.15,24,30441.87,1,33065.76,32016.2,30966.65,29917.09,28867.54,27817.99
APP00612,Ronnie Rose,Myers-King,42,Salaried,87935.1,111701.14,23766.04,2869.23,0,699.0,4467232.72,84,59941.7,0,59315.11,59565.75,59816.38,60067.02,60317.65,60568.29
APP00613,Jeffrey Barr,Webb Inc,32,Salaried,53411.53,73942.53,20530.99,2179.47,0,668.0,2152213.1,24,153117.35,0,156925.97,155402.52,153879.08,152355.63,150832.19,149308.74
APP00614,Kenneth Taylor,"Mccarthy, Thompson and White",38,Self-Employed,20901.39,24591.29,3689.9,2833.65,0,670.0,798096.11,24,45548.15,0,44314.7,44808.08,45301.46,45794.84,46288.21,46781.59
APP00615,Randy Dawson,Leon Ltd,46,Self-Employed,31584.55,37542.33,5957.79,4634.33,1,,2000285.44,24,26733.27,1,25932.88,26253.03,26573.19,26893.34,27213.5,27533.65
APP00616,Bobby Miller,"Rios, Griffin and Dean",21,Salaried,121931.54,164540.99,42609.46,10572.51,0,632.0,2403417.84,36,181736.0,1,189530.07,186412.44,183294.81,180177.18,177059.55,173941.92
APP00617,Kathleen Hill,Logan PLC,37,Salaried,34491.97,40966.76,6474.79,3133.09,0,705.0,1237739.85,12,32565.44,0,30970.52,31608.49,32246.46,32884.43,33522.4,34160.37
APP00618,Logan Zimmerman,"Smith, Gonzales and Johnson",43,Self-Employed,77723.95,91038.86,13314.91,1588.17,0,822.0,1399394.96,12,187823.63,0,198346.33,194137.25,189928.17,185719.09,181510.02,177300.94
APP00619,Lauren Harris,"Rogers, Foster and Harding",45,Salaried,98429.75,130666.29,32236.55,7009.84,0,785.0,3526871.58,84,221094.65,0,220534.91,220758.81,220982.7,221206.59,221430.48,221654.38
APP00620,Nicholas Russell,Melendez PLC,55,Salaried,100828.59,134166.35,33337.75,19093.58,0,609.0,6051222.78,36,257208.12,1,285872.77,274406.91,262941.05,251475.19,240009.33,228543.47
APP00621,Amy Cochran,"Thomas, Thompson and Reyes",49,Salaried,43568.08,53316.63,9748.55,529.3,0,747.0,2698738.72,36,92819.7,0,91997.04,92326.1,92655.17,92984.23,93313.3,93642.36
APP00622,Ryan Lin,"Lucas, Mason and Livingston",41,Salaried,61868.14,77200.09,15331.96,14707.82,0,674.0,1267117.22,12,82435.64,1,89402.38,86615.68,83828.99,81042.29,78255.59,75468.9
APP00623,Alan Kent MD,"Robertson, Smith and Yates",41,Salaried,76178.44,99476.44,23298.0,10245.94,0,709.0,2051465.07,60,197464.78,1,203151.28,200876.68,198602.08,196327.48,194052.88,191778.28
APP00624,Deborah Lopez,Thornton-Lopez,46,Salaried,108405.74,133069.59,24663.85,47146.11,0,721.0,5858287.6,84,123716.21,1,140370.83,133708.98,127047.14,120385.29,113723.44,107061.59
APP00625,Holly Martin,Chandler-Ortiz,33,Salaried,48551.02,61907.71,13356.69,3003.26,0,712.0,1085063.63,60,110081.03,0,109545.03,109759.43,109973.83,110188.23,110402.62,110617.02
APP00626,Kurt Smith,Moses-Hickman,38,Salaried,40890.81,51341.88,10451.07,11015.92,0,651.0,612125.86,24,37110.59,3,40894.79,39381.11,37867.43,36353.75,34840.06,33326.38
APP00627,Jill Robertson,"Martin, Jacobson and Lee",47,Salaried,118741.07,141331.56,22590.49,11326.95,0,829.0,7606529.43,84,134776.7,0,140104.28,137973.25,135842.21,133711.18,131580.15,129449.12
APP00628,Miguel Velasquez,Sparks PLC,58,Salaried,124350.73,147925.27,23574.54,12156.42,0,630.0,1668995.6,48,238024.95,0,250280.24,245378.13,240476.01,235573.9,230671.78,225769.67
APP00629,Erica Dawson,Ewing Ltd,36,Salaried,79583.49,96667.69,17084.2,1977.74,0,729.0,5209361.91,84,97051.29,0,103027.46,100636.99,98246.52,95856.06,93465.59,91075.12
APP00630,Paul Brown,Flores-Todd,38,Self-Employed,40976.86,46853.83,5876.96,4417.41,0,753.0,1964450.34,24,102737.29,1,108624.74,106269.76,103914.78,101559.8,99204.82,96849.85
APP00631,Tiffany Simpson,Owen-Rogers,40,Self-Employed,85414.42,101852.66,16438.24,566.52,1,,3051553.26,36,152484.74,0,149374.67,150618.7,151862.73,153106.76,154350.79,155594.82
APP00632,Kerry Medina,"Mathews, Burns and Hill",51,Self-Employed,74217.07,87262.31,13045.24,13166.69,0,676.0,2227299.87,48,190813.32,1,200885.12,196856.4,192827.68,188798.96,184770.24,180741.52
APP00633,Walter Walker,Vasquez Inc,38,Salaried,100625.09,124223.77,23598.68,21699.24,0,629.0,3577406.64,48,179890.49,1,187628.07,184533.04,181438.0,178342.97,175247.93,172152.9
APP00634,Brian King,Patterson Inc,53,Self-Employed,28677.06,33788.71,5111.65,9934.8,0,698.0,1887345.13,60,46017.88,1,46180.84,46115.66,46050.47,45985.29,45920.1,45854.92
APP00635,Amanda Davis,"Perry, Carter and Romero",28,Salaried,64039.23,85970.99,21931.76,9839.85,1,,2994684.78,48,104450.85,1,110642.61,108165.91,105689.2,103212.5,100735.8,98259.09
APP00636,Chloe Smith,"Mahoney, Miller and Waters",36,Salaried,62720.94,85994.9,23273.97,2526.36,0,797.0,1298077.54,48,60575.15,0,59917.97,60180.84,60443.72,60706.59,60969.47,61232.34
APP00637,Laura Mills,Bennett Inc,36,Salaried,40891.26,53892.39,13001.13,8561.12,0,786.0,1870253.7,48,50386.07,0,49551.2,49885.15,50219.1,50553.04,50886.99,51220.94
APP00638,Ashley Kane,"Savage, Ramos and Barber",46,Salaried,83331.67,108256.23,24924.56,16135.46,0,729.0,2560557.17,36,206242.21,0,205665.31,205896.07,206126.83,206357.59,206588.35,206819.11
APP00639,Amber Martinez,Miller-Cole,48,Salaried,76822.68,100706.78,23884.1,26328.5,1,,5080070.36,36,139658.02,3,153243.67,147809.41,142375.15,136940.89,131506.62,126072.36
APP00640,Jonathan Ramirez Jr.,Davis-Snyder,23,Salaried,47098.0,56052.15,8954.14,9490.01,0,726.0,1016148.26,12,102714.16,1,107338.0,105488.47,103638.93,101789.39,99939.85,98090.31
APP00641,Chad Vargas,"Evans, Brown and Scott",29,Salaried,73616.91,95283.29,21666.38,3865.73,0,751.0,3070801.21,36,110333.69,0,100247.72,104282.11,108316.5,112350.89,116385.28,120419.67
APP00642,Bridget Berry,Harris-Romero,41,Salaried,37759.56,44711.56,6951.99,5362.43,0,646.0,506480.39,84,35280.73,1,36880.84,36240.8,35600.75,34960.7,34320.66,33680.61
APP00643,Carly Mckenzie,"Cuevas, Simmons and Armstrong",31,Self-Employed,55380.95,64354.9,8973.95,2276.97,0,784.0,1540915.17,12,134944.48,2,144843.85,140884.1,136924.35,132964.6,129004.85,125045.1
APP00644,Jasmine Fisher,"Blake, Bryant and Boyer",23,Salaried,68787.93,90113.02,21325.09,9778.05,0,718.0,3750680.89,84,98641.53,2,102279.42,100824.27,99369.11,97913.95,96458.8,95003.64
APP00645,Kelly Foster,Vega-Terry,48,Salaried,85935.32,107297.56,21362.24,10252.42,0,770.0,4196859.76,48,197660.8,1,189081.49,192513.21,195944.94,199376.66,202808.39,206240.11
APP00646,Paula Morgan,Williams and Sons,43,Salaried,118736.25,143503.82,24767.58,19621.92,0,633.0,7971710.03,60,72832.6,1,70894.43,71669.7,72444.96,73220.23,73995.5,74770.77
APP00647,George Graham,"Phillips, Guzman and Hancock",43,Salaried,42606.7,54415.22,11808.52,9427.92,0,745.0,908821.81,60,52303.0,2,56214.23,54649.74,53085.24,51520.75,49956.25,48391.76
APP00648,Dr. Susan Briggs,"Yang, Anderson and Walsh",33,Salaried,32927.28,39688.54,6761.26,4986.74,0,845.0,1313601.57,24,64684.07,1,64741.55,64718.56,64695.57,64672.58,64649.59,64626.6
APP00649,Amy Holmes,Hodge-Green,48,Self-Employed,81273.84,92330.74,11056.9,11646.22,0,756.0,1475491.79,12,213302.41,1,216841.74,215426.01,214010.27,212594.54,211178.81,209763.07
APP00650,Taylor Wright,"Johnson, Woods and Miller",36,Salaried,82689.5,109055.6,26366.09,5657.9,1,,4445321.83,48,80031.68,0,80314.81,80201.56,80088.31,79975.06,79861.81,79748.56
APP00651,Mark Diaz,Lewis PLC,49,Salaried,196312.47,232094.87,35782.4,53441.75,0,672.0,3589179.28,84,501118.29,3,538709.7,523673.14,508636.57,493600.0,478563.44,463526.87
APP00652,Andrea Hamilton,Liu-Miller,29,Salaried,81299.31,111617.62,30318.31,11235.33,0,731.0,5483039.09,60,165547.04,0,163050.85,164049.32,165047.8,166046.28,167044.75,168043.23
APP00653,Alisha Taylor,Cooper-Cantu,29,Salaried,41570.27,56579.34,15009.08,641.57,1,,1713623.72,36,41233.42,0,40969.29,41074.94,41180.6,41286.25,41391.9,41497.55
APP00654,Paula Giles,Frye Ltd,40,Self-Employed,112956.47,128148.53,15192.05,31721.64,0,699.0,5011022.63,36,52176.63,0,49426.69,50526.67,51626.64,52726.62,53826.6,54926.58
APP00655,Rhonda Wilkerson,Newman PLC,31,Self-Employed,31812.01,37610.76,5798.75,8085.48,1,,1084830.35,36,78350.37,1,84180.6,81848.51,79516.41,77184.32,74852.23,72520.14
APP00656,Amanda May,Rogers-Martin,45,Salaried,38328.42,51528.61,13200.19,8694.76,0,678.0,1376666.04,48,74370.43,1,73038.27,73571.14,74104.0,74636.87,75169.73,75702.6
APP00657,Michael Hill,Wells and Sons,41,Salaried,231317.87,305287.96,73970.08,54461.78,0,659.0,14900338.76,60,470703.94,5,493191.46,484196.45,475201.44,466206.43,457211.42,448216.42
APP00658,Tammy Howell,Green-Brown,29,Salaried,71327.6,89662.5,18334.9,12981.99,0,671.0,4105216.96,48,99418.77,1,93489.79,95861.38,98232.97,100604.56,102976.15,105347.74
APP00659,Joseph Hamilton,Knox PLC,39,Salaried,96358.72,120011.99,23653.28,34619.97,0,677.0,3398003.31,48,56875.15,2,61419.55,59601.79,57784.03,55966.27,54148.51,52330.75
APP00660,Donna Torres,Maddox-Wise,34,Salaried,84696.73,102841.11,18144.38,13965.31,0,761.0,5165813.74,84,131827.81,2,142176.45,138037.0,133897.54,129758.08,125618.62,121479.16
APP00661,Barbara Wheeler,"Reyes, Weber and Faulkner",47,Self-Employed,244430.37,288445.42,44015.05,50607.8,0,650.0,8486385.88,60,462117.78,3,545190.23,511961.25,478732.27,445503.29,412274.31,379045.34
APP00662,Kayla Adams,Garcia Group,32,Self-Employed,71066.68,82866.26,11799.58,11725.98,1,,1195962.74,24,77815.17,2,83433.92,81186.42,78938.92,76691.42,74443.92,72196.42
APP00663,Joseph Hernandez,Fleming-Garner,34,Salaried,113686.37,156982.95,43296.58,9382.32,0,659.0,2923917.35,48,315938.4,2,295882.14,303904.64,311927.15,319949.65,327972.16,335994.66
APP00664,Carlos Carter,Delgado Group,50,Salaried,47632.21,61893.99,14261.78,7147.86,0,710.0,1784355.9,60,107266.43,0,117574.56,113451.31,109328.06,105204.8,101081.55,96958.29
APP00665,Dwayne Sanchez,"Hayden, Leblanc and Martin",60,Salaried,40419.59,47582.52,7162.93,2622.03,0,731.0,1557915.3,12,21365.77,0,23168.37,22447.33,21726.29,21005.25,20284.21,19563.16
APP00666,Joshua Franco,"Wilson, Flores and Preston",58,Salaried,143701.41,174405.44,30704.03,19585.91,0,810.0,3236758.78,48,165573.38,0,161221.65,162962.34,164703.03,166443.73,168184.42,169925.11
APP00667,Laura Santos,Nolan Group,39,Self-Employed,178295.4,196683.56,18388.17,53391.47,1,,9669150.62,24,417109.16,2,440095.81,430901.15,421706.49,412511.83,403317.17,394122.51
APP00668,Michael Murray,Fitzpatrick-Hart,40,Salaried,88936.13,109489.3,20553.16,15169.94,0,788.0,2339863.21,24,192641.44,1,218947.44,208425.04,197902.64,187380.24,176857.84,166335.43
APP00669,Lisa Harrison,Spencer PLC,53,Salaried,83723.26,107978.53,24255.27,19100.33,0,617.0,4269941.54,60,185867.14,1,196110.69,192013.27,187915.85,183818.43,179721.02,175623.6
APP00670,David Walker,Martin-Mercado,37,Self-Employed,69648.28,80335.56,10687.28,8468.84,1,,3038193.54,24,63496.49,1,64881.63,64327.57,63773.52,63219.46,62665.41,62111.36
APP00671,Janet Willis,James-Rodriguez,28,Salaried,44589.83,57814.43,13224.6,11537.72,1,,2268116.17,48,104882.43,0,116113.23,111620.91,107128.59,102636.28,98143.96,93651.64
APP00672,Harold Atkins,Jimenez LLC,39,Salaried,139593.85,174010.98,34417.13,13536.59,0,783.0,9152743.14,84,285053.2,0,274399.14,278660.77,282922.39,287184.02,291445.64,295707.26
APP00673,Justin Henry,Cruz-Kelley,43,Salaried,98396.82,134571.58,36174.76,25582.63,0,640.0,5380391.07,60,129341.09,1,145212.71,138864.06,132515.41,126166.76,119818.11,113469.46
APP00674,William Phillips,Townsend-Stewart,30,Self-Employed,80865.68,92322.58,11456.9,11662.89,0,659.0,3954061.09,84,165646.12,0,159008.35,161663.46,164318.57,166973.68,169628.79,172283.89
APP00675,Caitlin Jones,Martinez-Mitchell,22,Salaried,66120.46,80705.62,14585.16,19394.06,1,,3501634.68,48,62702.29,2,67416.95,65531.09,63645.22,61759.36,59873.5,57987.63
APP00676,Jessica Brown,"Wood, Strickland and Hurley",24,Salaried,92103.31,115661.83,23558.52,7499.0,0,652.0,3961233.73,60,242472.48,1,259170.79,252491.47,245812.14,239132.82,232453.49,225774.17
APP00677,Jeremiah Moss,"Cox, Avery and Walters",45,Salaried,93884.97,117367.61,23482.65,24436.9,0,736.0,6720532.27,120,56913.49,1,64707.8,61590.07,58472.35,55354.63,52236.9,49119.18
APP00678,Danny Chung,"Rubio, Ortega and Thompson",30,Salaried,87302.38,105615.81,18313.43,16879.28,0,695.0,5324750.18,48,92214.13,0,95904.97,94428.63,92952.3,91475.96,89999.63,88523.29
APP00679,Brittany Rogers,Jacobs LLC,37,Salaried,40302.99,51972.81,11669.82,17651.78,0,644.0,864402.38,12,72256.2,3,81883.51,78032.59,74181.66,70330.73,66479.81,62628.88
APP00680,Michael Jensen,Costa-Sanchez,40,Self-Employed,91817.68,105680.69,13863.01,14963.86,0,871.0,1954030.15,36,130366.71,0,133706.71,132370.71,131034.71,129698.71,128362.7,127026.7
APP00681,Samantha Holmes,"Brown, Smith and Tran",44,Salaried,197940.78,233404.21,35463.43,62711.52,1,,7553466.14,60,451122.42,0,481859.87,469564.89,457269.91,444974.93,432679.96,420384.98
APP00682,Natalie Malone,Robertson Ltd,35,Self-Employed,42084.41,47464.77,5380.37,10122.09,0,755.0,2833666.8,36,95066.67,1,101187.35,98739.08,96290.8,93842.53,91394.26,88945.99
APP00683,Richard Erickson,Mullins and Sons,43,Salaried,69029.86,82691.52,13661.66,7419.09,0,641.0,1420581.61,84,143757.42,1,142816.89,143193.1,143569.31,143945.53,144321.74,144697.95
APP00684,Bethany Pitts,"Rodriguez, Mitchell and Garcia",29,Self-Employed,104554.9,118335.09,13780.19,3416.43,0,755.0,2751364.33,36,144020.92,1,154605.81,150371.85,146137.9,141903.94,137669.99,133436.03
APP00685,Ralph Willis,Gregory Ltd,34,Salaried,101115.74,122094.46,20978.72,27605.17,1,,7277765.48,36,139535.78,2,152566.11,147353.98,142141.84,136929.71,131717.57,126505.44
APP00686,Dr. Kenneth Butler DDS,"Smith, Williams and Simmons",28,Self-Employed,85538.56,94547.91,9009.35,6773.6,0,692.0,4862739.39,60,109108.35,3,115724.01,113077.74,110431.48,107785.22,105138.95,102492.69
APP00687,Lisa Gray,Edwards-Carroll,49,Self-Employed,22157.07,25150.08,2993.01,7688.78,0,739.0,989430.21,12,23443.59,3,26215.94,25107.0,23998.06,22889.12,21780.18,20671.24
APP00688,Jimmy Sharp,Robertson LLC,38,Salaried,86508.91,102417.93,15909.03,6997.61,0,639.0,1900453.44,48,44032.04,0,42513.44,43120.88,43728.32,44335.75,44943.19,45550.63
APP00689,James Peters,"Lawrence, Holloway and Smith",31,Salaried,37130.61,44136.36,7005.75,5770.86,1,,516622.41,12,39271.2,3,39869.95,39630.45,39390.95,39151.46,38911.96,38672.46
APP00690,Frank Cobb,Mcneil and Sons,34,Salaried,45347.88,59996.11,14648.22,12407.86,0,692.0,1443258.58,24,87666.24,2,96499.17,92966.0,89432.83,85899.65,82366.48,78833.31
APP00691,Kathryn Wallace,Clark Inc,36,Salaried,86219.66,105031.42,18811.76,10229.32,0,692.0,2018224.58,48,150477.74,0,150901.72,150732.13,150562.53,150392.94,150223.35,150053.75
APP00692,Eric Thomas,Richards-Singh,45,Salaried,65476.88,87244.28,21767.41,18367.79,0,803.0,4257670.52,60,74659.15,1,90054.7,83896.48,77738.26,71580.04,65421.81,59263.59
APP00693,Lauren Miller,Leonard-Cruz,22,Self-Employed,89447.12,101922.72,12475.6,22693.24,0,610.0,3848391.83,24,102699.43,2,112760.49,108736.07,104711.64,100687.21,96662.79,92638.36
APP00694,Erica Bridges,"Johnson, Carlson and Wolfe",28,Salaried,250595.71,322924.96,72329.26,47485.24,1,,10609414.91,60,215325.07,2,223701.09,220350.68,217000.27,213649.86,210299.45,206949.04
APP00695,Tina Harris,Rodriguez-Francis,34,Salaried,93243.13,125756.62,32513.49,6204.01,0,750.0,4543992.55,60,62360.2,0,66312.01,64731.29,63150.56,61569.84,59989.12,58408.39
APP00696,Thomas Smith,Robertson-Patterson,63,Salaried,104697.02,125195.48,20498.47,25839.12,0,585.0,4356554.51,48,81445.4,0,78431.82,79637.25,80842.68,82048.12,83253.55,84458.98
APP00697,Karl Crawford,"Johnson, Johnson and Brown",48,Salaried,50537.19,59670.18,9132.99,5647.35,0,651.0,1327474.92,24,98058.2,0,108583.1,104373.14,100163.18,95953.22,91743.26,87533.3
APP00698,Patricia Ryan,Hanson-Valdez,37,Salaried,51065.58,63512.47,12446.89,918.61,0,693.0,2860882.86,48,142883.31,0,133368.27,137174.29,140980.31,144786.32,148592.34,152398.35
APP00699,Ms. Kelly Jennings MD,Watson LLC,45,Salaried,46347.62,63834.27,17486.65,12202.84,0,748.0,2608072.99,60,89231.05,1,96612.88,93660.15,90707.41,87754.68,84801.95,81849.21
APP00700,Kurt Bell,"Anderson, Ellison and Wood",59,Salaried,59508.48,74076.02,14567.54,11863.08,0,782.0,3959417.75,84,72999.09,0,78478.95,76287.0,74095.06,71903.12,69711.17,67519.23
APP00701,Megan Fox,"Thomas, Moore and Hernandez",36,Salaried,41222.56,51735.2,10512.65,1076.93,0,772.0,1703105.4,48,77589.73,1,81591.36,79990.71,78390.06,76789.41,75188.76,73588.11
APP00702,James Morales,"Robles, Martinez and Parker",34,Salaried,48843.38,63347.55,14504.17,7867.59,0,715.0,969794.21,24,37453.37,2,40541.28,39306.11,38070.95,36835.78,35600.62,34365.46
APP00703,Laura Hobbs,"Andrews, Castro and Gutierrez",50,Self-Employed,59404.59,65287.25,5882.66,13453.61,0,557.0,4144619.75,48,37190.86,2,41959.1,40051.81,38144.51,36237.21,34329.91,32422.61
APP00704,Katelyn Alexander,"Brady, Luna and Young",43,Salaried,46630.46,60326.46,13696.01,6699.88,0,746.0,601594.58,36,28419.82,0,30870.48,29890.22,28909.95,27929.69,26949.42,25969.16
APP00705,Whitney Cooper,Young Inc,45,Salaried,39496.98,51656.53,12159.55,12910.27,0,660.0,845512.99,12,63321.63,1,69091.62,66783.62,64475.63,62167.63,59859.64,57551.65
APP00706,Rose Jackson,Woodard LLC,33,Salaried,35169.84,48056.74,12886.89,8867.1,0,743.0,1914500.1,12,60398.49,3,63900.44,62499.66,61098.88,59698.1,58297.32,56896.54
APP00707,William Mckenzie,Ayala Group,57,Salaried,92763.33,121080.08,28316.75,6324.7,1,,5915602.91,36,79523.43,3,84468.18,82490.28,80512.38,78534.48,76556.58,74578.67
APP00708,Ashley Kline,"Hughes, Rogers and Hubbard",55,Salaried,77685.83,101770.03,24084.2,29962.19,0,773.0,5327775.27,24,179088.06,4,193393.65,187671.42,181949.18,176226.94,170504.71,164782.47
APP00709,Samantha Branch,Cantrell Inc,44,Salaried,117378.1,140103.45,22725.35,15746.17,0,778.0,5601409.81,48,93236.44,0,97565.03,95833.59,94102.16,92370.72,90639.29,88907.86
APP00710,Jennifer Moore,Huerta-Allen,45,Salaried,119679.28,151072.89,31393.61,26051.06,0,772.0,3419855.43,36,189270.86,0,197618.88,194279.67,190940.46,187601.25,184262.04,180922.84
APP00711,Jorge Wagner,Munoz and Sons,21,Salaried,47183.57,57356.85,10173.28,13343.73,0,620.0,653234.67,84,85988.45,2,94688.81,91208.66,87728.52,84248.37,80768.23,77288.08
APP00712,Clarence Mccoy,Jones Inc,44,Self-Employed,107495.34,121295.97,13800.63,25451.03,0,694.0,6029108.99,84,54855.01,2,58775.92,57207.55,55639.19,54070.83,52502.46,50934.1
APP00713,Heather Chaney,Webster-Morgan,36,Self-Employed,22344.93,24713.07,2368.14,2302.88,0,649.0,1128569.95,48,24957.45,1,25302.48,25164.46,25026.45,24888.44,24750.43,24612.42
APP00714,Amanda Jenkins,Henderson LLC,42,Salaried,202053.08,252668.48,50615.4,32167.09,1,,3834998.68,84,340624.21,1,325585.6,331601.04,337616.49,343631.94,349647.39,355662.83
APP00715,Elizabeth Vazquez,Hunt Group,45,Salaried,128092.14,154234.21,26142.07,23826.27,1,,7275318.09,36,254830.74,0,251539.58,252856.04,254172.51,255488.97,256805.43,258121.9
APP00716,Eric Wilkinson,Parks and Sons,35,Salaried,60412.05,74521.22,14109.18,1811.76,0,737.0,4167889.64,36,131192.97,0,130487.86,130769.9,131051.94,131333.99,131616.03,131898.07
APP00717,Mary Gonzalez,Reynolds-Huynh,21,Salaried,32586.35,38533.77,5947.43,3620.23,0,673.0,755334.25,48,66275.86,1,64287.96,65083.12,65878.28,66673.44,67468.6,68263.77
APP00718,Mr. Derek Lucas MD,Mccarthy Group,42,Self-Employed,85789.25,102870.13,17080.88,23587.25,0,670.0,4134059.27,84,50516.37,1,55455.95,53480.12,51504.29,49528.45,47552.62,45576.79
APP00719,Laura Jenkins MD,Matthews Group,31,Salaried,27263.86,34220.02,6956.16,1030.92,0,762.0,1011123.22,12,17216.59,1,18848.74,18195.88,17543.02,16890.16,16237.29,15584.43
APP00720,Peter Rodriguez,Fritz Ltd,35,Salaried,46864.83,58095.08,11230.25,4215.59,0,707.0,2292016.23,36,118635.03,0,115900.36,116994.23,118088.1,119181.96,120275.83,121369.7
APP00721,Christopher Mills,"Harmon, Cardenas and Tyler",32,Salaried,89747.05,117991.83,28244.78,8095.58,0,740.0,1710443.95,12,74455.84,1,76472.77,75666.0,74859.22,74052.45,73245.68,72438.91
APP00722,Lisa Drake,Hunter-Rogers,35,Salaried,68848.3,91497.96,22649.66,4464.85,0,684.0,4536250.0,60,93738.95,0,93859.15,93811.07,93762.99,93714.9,93666.82,93618.74
APP00723,Adam Townsend,Meyer Ltd,21,Salaried,44097.32,57889.69,13792.37,6693.2,0,802.0,1306411.4,24,106026.37,1,105646.75,105798.6,105950.44,106102.29,106254.14,106405.98
APP00724,Mike Gomez,"Lee, Sullivan and Perez",50,Self-Employed,133752.95,151071.38,17318.43,68043.02,0,594.0,6752448.15,60,60940.08,3,70361.11,66592.7,62824.29,59055.87,55287.46,51519.05
APP00725,Derek Garcia,Hamilton Ltd,41,Salaried,44804.66,57500.26,12695.6,12300.56,0,730.0,1167231.73,36,102216.65,3,113886.7,109218.68,104550.66,99882.65,95214.63,90546.61
APP00726,Lauren Bailey,Davis-Orr,49,Salaried,85961.73,108252.51,22290.78,33007.07,0,797.0,1959271.16,60,148282.93,2,159878.86,155240.48,150602.11,145963.74,141325.37,136687.0
APP00727,James Brown,Miles Ltd,58,Salaried,60445.28,80395.01,19949.73,13775.29,1,,4202149.77,84,78618.92,3,84133.37,81927.59,79721.81,77516.03,75310.25,73104.47
APP00728,Lauren Moyer,Garcia-Russell,38,Self-Employed,34674.32,39428.85,4754.54,14074.28,0,603.0,953079.62,24,30410.85,2,31949.76,31334.2,30718.63,30103.07,29487.5,28871.94
APP00729,Manuel Wright,"Mcdaniel, Mcknight and Rogers",21,Salaried,67752.49,92816.63,25064.14,16310.4,1,,4693507.71,48,107471.52,0,109993.75,108984.86,107975.97,106967.08,105958.19,104949.3
APP00730,Timothy Bond,Stanley-Rivera,29,Salaried,39403.95,49482.86,10078.91,12518.72,0,748.0,2507771.26,60,84881.93,2,91306.71,88736.8,86166.89,83596.98,81027.07,78457.16
APP00731,Steven Cabrera,Morales Ltd,26,Self-Employed,203516.72,227937.37,24420.65,53644.13,0,656.0,9246902.63,12,177642.82,2,213806.65,199341.12,184875.59,170410.06,155944.53,141479.0
APP00732,Lance Choi,Jones-Miller,33,Self-Employed,39182.71,46521.66,7338.95,12575.85,0,714.0,1791262.84,36,36759.18,1,36870.91,36826.22,36781.53,36736.84,36692.15,36647.46
APP00733,Travis Sanchez MD,Daniels LLC,39,Self-Employed,255676.74,282600.89,26924.15,12564.98,0,658.0,3532631.62,12,436303.0,3,505743.41,477967.24,450191.08,422414.91,394638.75,366862.58
APP00734,Connie Parker,"Garcia, Shaw and Freeman",21,Self-Employed,23248.57,27926.66,4678.09,3625.63,0,750.0,1353633.5,12,54127.99,1,56620.03,55623.21,54626.4,53629.58,52632.77,51635.95
APP00735,Kari Sparks,Garcia Group,41,Salaried,93913.64,130194.86,36281.22,22514.34,0,630.0,4974943.38,120,127474.77,1,118189.73,121903.75,125617.76,129331.78,133045.8,136759.82
APP00736,Christopher Howard,"Stokes, Carter and Peck",23,Salaried,33018.99,42007.07,8988.08,2341.45,0,780.0,1557074.21,24,48665.79,1,51080.04,50114.34,49148.64,48182.94,47217.23,46251.53
APP00737,Wesley Roberts,Martinez-Jones,41,Salaried,39102.82,48355.28,9252.45,6727.32,0,531.0,2377781.36,12,103895.0,1,116906.38,111701.83,106497.28,101292.73,96088.18,90883.62
APP00738,Ashley Ferguson,Martinez-Jennings,37,Salaried,73281.78,87729.47,14447.7,19770.19,0,569.0,2949082.73,24,116449.55,2,116708.47,116604.9,116501.33,116397.77,116294.2,116190.63
APP00739,Jamie Jones,"Lopez, Mercer and Ball",35,Self-Employed,97215.93,111114.16,13898.23,24806.71,0,797.0,3397670.19,84,209147.18,2,231962.3,222836.25,213710.21,204584.16,195458.12,186332.07
APP00740,Roger Bell,"Tyler, Jones and Pham",37,Salaried,38437.22,50809.02,12371.8,2803.01,1,,2169706.01,36,80866.01,0,82216.58,81676.36,81136.13,80595.9,80055.67,79515.44
APP00741,Corey Campbell,Brown PLC,33,Salaried,110577.19,134323.38,23746.19,18862.58,0,659.0,4609872.52,48,189181.44,1,199399.43,195312.23,191225.04,187137.84,183050.65,178963.45
APP00742,Andrew Beck,"Adams, Jackson and Gallegos",32,Salaried,44751.94,58827.12,14075.19,6201.02,0,868.0,2165026.4,84,66028.51,0,64699.13,65230.88,65762.64,66294.39,66826.15,67357.9
APP00743,Christopher Mccarthy,Joseph-Hill,21,Salaried,58345.57,72056.66,13711.09,7909.47,0,798.0,1234109.16,48,116182.03,0,113554.77,114605.67,115656.58,116707.48,117758.39,118809.29
APP00744,Derrick Conley,Kim-Smith,38,Salaried,81889.37,105043.17,23153.8,7985.22,0,809.0,1969990.23,24,201032.72,0,204614.33,203181.69,201749.04,200316.4,198883.76,197451.11
APP00745,Jeremy Huff,Stephens Group,56,Salaried,98829.26,132328.76,33499.5,2569.8,0,710.0,2268056.34,24,83865.67,1,81515.29,82455.44,83395.59,84335.74,85275.89,86216.04
APP00746,Caitlin Gomez,Walsh and Sons,58,Self-Employed,19531.1,22392.89,2861.79,2586.92,0,742.0,1175107.34,48,21418.51,2,23801.03,22848.02,21895.01,20942.0,19988.99,19035.99
APP00747,Jamie Mullen,"Wiggins, Love and Wilson",51,Salaried,156669.75,204952.67,48282.92,14518.36,0,771.0,11221168.57,48,153470.1,0,149970.71,151370.47,152770.22,154169.98,155569.74,156969.5
APP00748,Trevor Wagner,Davis-Walker,45,Salaried,96315.07,119669.63,23354.56,30939.62,0,575.0,6782609.06,60,204167.85,2,228841.11,218971.81,209102.5,199233.19,189363.89,179494.58
APP00749,Jesse Anderson,Williams LLC,31,Self-Employed,42685.94,49371.45,6685.51,5275.74,0,772.0,1926555.03,24,52450.1,0,51395.39,51817.27,52239.16,52661.04,53082.93,53504.82
APP00750,Debbie Lam,Baxter PLC,52,Self-Employed,33567.86,39651.07,6083.21,4441.81,0,723.0,1983237.25,36,50817.96,0,53334.43,52327.85,51321.26,50314.67,49308.08,48301.49
APP00751,Isabel Sanchez,Bradford-Curry,37,Salaried,31820.55,43268.92,11448.37,10761.05,0,752.0,611802.32,48,47171.16,2,52538.42,50391.51,48244.61,46097.71,43950.81,41803.91
APP00752,Christy Brennan,"Grimes, Chapman and Montes",37,Self-Employed,23906.21,28598.54,4692.34,2548.24,0,788.0,759248.1,60,65455.13,2,64727.71,65018.68,65309.64,65600.61,65891.57,66182.54
APP00753,Jose Daniels,"Glover, Franco and Patel",35,Self-Employed,88597.2,99811.68,11214.48,36690.97,0,623.0,6056643.59,36,35771.87,2,41408.5,39153.85,36899.2,34644.54,32389.89,30135.24
APP00754,Raymond Cruz,Stone-Webb,39,Salaried,59911.42,71599.47,11688.05,23135.89,0,629.0,1785491.72,36,46529.52,2,53818.26,50902.76,47987.27,45071.77,42156.27,39240.78
APP00755,Latoya Collins,Martinez-Kelly,34,Salaried,39499.86,46671.85,7171.99,12664.27,0,703.0,849582.67,12,88594.81,1,91773.39,90501.96,89230.53,87959.1,86687.67,85416.24
APP00756,Brandon Thompson,"Chapman, Walker and Ramirez",37,Self-Employed,42874.61,47746.14,4871.52,7766.21,0,737.0,1630592.04,24,64066.39,2,69555.42,67359.8,65164.19,62968.58,60772.97,58577.36
APP00757,Erica Bates,"Anderson, Johnson and Jordan",27,Self-Employed,162890.71,190728.61,27837.9,24005.06,1,,9462233.51,84,214059.57,1,227873.56,222347.96,216822.36,211296.77,205771.17,200245.58
APP00758,Justin Ward,"Lopez, Schmidt and Hill",34,Salaried,56637.75,68612.19,11974.44,9565.84,0,722.0,4034385.48,48,148274.9,0,152401.44,150750.82,149100.21,147449.59,145798.98,144148.36
APP00759,Elizabeth Jones,"Padilla, Norman and Holmes",61,Salaried,58136.01,77473.19,19337.18,12439.07,0,745.0,809616.68,24,39854.45,1,37664.52,38540.49,39416.47,40292.44,41168.41,42044.39
APP00760,Darrell Martinez,Bush PLC,37,Self-Employed,159582.12,176181.65,16599.53,46553.43,0,661.0,8011652.77,36,73434.84,5,89071.03,82816.56,76562.08,70307.6,64053.13,57798.65
APP00761,Diane Powell,"Brooks, Roberts and Morales",36,Salaried,82940.65,110886.21,27945.56,13721.85,0,786.0,5176335.54,48,210481.22,1,222866.24,217912.23,212958.22,208004.21,203050.2,198096.19
APP00762,Patricia Andrade,"Johnson, Scott and Flores",43,Salaried,74622.23,93618.08,18995.85,9045.71,0,736.0,4548498.76,60,178769.39,1,184394.04,182144.18,179894.32,177644.47,175394.61,173144.75
APP00763,Brandi Hill,"Lewis, Hayes and Howard",45,Salaried,56901.18,68606.38,11705.21,8187.07,0,663.0,3821381.79,48,97370.4,1,106106.33,102611.96,99117.58,95623.21,92128.84,88634.47
APP00764,Michael Alvarado,Gibson-Miller,27,Salaried,29812.45,38579.99,8767.54,4594.26,1,,1513441.71,12,32037.5,0,32700.04,32435.02,32170.01,31904.99,31639.97,31374.96
APP00765,Jason Hopkins,Quinn-Clark,36,Self-Employed,26993.18,31713.1,4719.92,6989.39,1,,1698775.45,24,57443.13,1,59324.42,58571.9,57819.39,57066.87,56314.35,55561.84
APP00766,Danielle Bradford,Lucero Group,47,Salaried,60921.08,72303.72,11382.65,1823.97,0,714.0,2202665.28,60,53660.4,1,57630.72,56042.59,54454.46,52866.33,51278.2,49690.07
APP00767,Mark White,"Moss, Scott and Richardson",41,Salaried,64771.51,81335.9,16564.39,15979.89,0,696.0,3073598.92,36,88949.91,0,86689.53,87593.68,88497.83,89401.98,90306.13,91210.29
APP00768,Thomas Gross,Nelson Inc,39,Salaried,81995.07,97887.24,15892.17,19415.62,0,686.0,3685033.83,60,67089.36,1,74572.01,71578.95,68585.89,65592.83,62599.78,59606.72
APP00769,Amanda Williams,Ward-Johnson,54,Salaried,96938.92,133511.95,36573.04,24969.57,0,619.0,3734994.2,48,128148.27,0,133163.26,131157.26,129151.27,127145.27,125139.27,123133.28
APP00770,Craig Turner,"Warren, Santiago and Levy",31,Self-Employed,67210.54,76679.61,9469.07,8291.91,0,652.0,2614867.79,48,32436.38,4,35625.0,34349.55,33074.11,31798.66,30523.21,29247.76
APP00771,Andrew Collins,Peterson Group,39,Salaried,77133.21,97753.5,20620.29,14154.41,1,,4198485.12,24,115463.92,2,105460.86,109462.08,113463.3,117464.53,121465.75,125466.97
APP00772,Catherine Franco,Cortez Ltd,33,Salaried,41242.18,53400.16,12157.98,13850.66,0,649.0,868685.42,12,55995.83,2,66036.51,62020.24,58003.97,53987.7,49971.43,45955.16
APP00773,Michelle Scott,"Lopez, Garcia and Gonzalez",53,Self-Employed,15212.97,17979.95,2766.98,3954.31,0,630.0,943440.6,12,39119.09,2,41784.01,40718.04,39652.07,38586.1,37520.14,36454.17
APP00774,Michael Bailey,Williams-Anderson,21,Salaried,43507.75,59761.18,16253.43,6568.4,0,829.0,2374806.67,60,58226.95,1,53418.23,55341.72,57265.2,59188.69,61112.17,63035.66
APP00775,Ruben Frank,Allison-Dillon,31,Salaried,41170.75,51614.69,10443.94,5872.29,0,745.0,992652.51,12,69955.31,1,75024.13,72996.61,70969.08,68941.55,66914.02,64886.49
APP00776,Andrew Dickerson,Roberts-Moore,33,Self-Employed,37363.66,42598.04,5234.38,5869.51,1,,1230348.76,24,30217.86,5,32933.83,31847.44,30761.05,29674.66,28588.28,27501.89
APP00777,Amber Sanchez,Mccann and Sons,45,Salaried,66106.6,89172.41,23065.81,16823.33,0,696.0,4130466.5,120,69538.36,2,74465.26,72494.5,70523.74,68552.98,66582.22,64611.46
APP00778,Rick Clark,"Moore, Campbell and Weeks",44,Self-Employed,28159.71,33033.16,4873.45,8891.31,0,736.0,1054228.51,12,25468.56,1,28927.32,27543.81,26160.31,24776.81,23393.31,22009.81
APP00779,Nicole Miller,Rivera and Sons,52,Self-Employed,31598.81,36877.16,5278.36,12857.12,0,617.0,1986174.38,24,73838.94,2,79813.77,77423.84,75033.9,72643.97,70254.04,67864.11
APP00780,Jennifer Adkins,Simmons and Sons,22,Salaried,53360.95,71578.24,18217.3,15012.27,0,653.0,1916362.52,24,37557.87,3,43361.43,41040.01,38718.58,36397.16,34075.73,31754.31
APP00781,Diana Davis,Mejia LLC,46,Salaried,79669.25,109288.8,29619.56,16422.18,0,701.0,5703202.94,60,150468.02,0,153664.79,152386.08,151107.37,149828.67,148549.96,147271.26
APP00782,Jessica Conrad,"Wilson, Orr and Gonzales",35,Salaried,49538.71,58749.84,9211.14,5848.42,0,889.0,1756040.41,48,120269.37,0,131048.41,126736.79,122425.17,118113.56,113801.94,109490.32
APP00783,Nancy Greer,Carney-Mcneil,31,Salaried,79148.31,101998.56,22850.25,32355.31,0,652.0,5621178.52,24,179833.76,3,195904.82,189476.4,183047.97,176619.55,170191.13,163762.71
APP00784,Jodi Brown,Myers and Sons,43,Salaried,66271.34,81246.87,14975.53,2973.58,0,596.0,2324155.33,36,146604.65,2,172443.72,162108.09,151772.47,141436.84,131101.21,120765.58
APP00785,Jessica Hunt,Casey-Fitzgerald,29,Salaried,38927.5,53288.05,14360.55,4528.45,0,756.0,1449150.75,12,34902.02,2,37446.02,36428.42,35410.82,34393.22,33375.62,32358.02
APP00786,Bethany Gill,Juarez LLC,21,Salaried,56017.38,66120.71,10103.33,6009.54,0,867.0,1257400.83,120,148437.07,2,148263.57,148332.97,148402.37,148471.77,148541.17,148610.57
APP00787,Michael Shaffer,Frazier PLC,34,Salaried,153325.86,192133.74,38807.88,25165.05,0,656.0,9072424.61,60,251992.07,1,256919.96,254948.8,252977.64,251006.49,249035.33,247064.18
APP00788,Joshua Montes,"Lopez, Smith and Craig",23,Salaried,41811.66,52998.17,11186.52,7843.44,0,900.0,698734.56,36,68933.53,1,73467.77,71654.07,69840.37,68026.68,66212.98,64399.28
APP00789,Kimberly Wright,"Hall, Garcia and Erickson",32,Self-Employed,131767.88,145799.58,14031.7,52901.6,0,675.0,7761578.68,48,287603.97,1,312557.29,302575.96,292594.63,282613.3,272631.97,262650.64
APP00790,Hunter Jenkins,Hall PLC,42,Self-Employed,172483.71,195089.77,22606.06,40358.18,0,735.0,7225841.5,60,82284.33,3,92605.41,88476.98,84348.54,80220.11,76091.67,71963.24
APP00791,Eric Taylor,"Macias, Martinez and Duncan",41,Salaried,140312.23,175320.21,35007.98,9213.65,0,694.0,8933535.07,84,311963.44,1,279870.2,292707.5,305544.8,318382.09,331219.39,344056.69
APP00792,Meagan Young,"Newman, Guzman and Hicks",54,Salaried,52227.25,62417.95,10190.71,4995.14,0,708.0,2572358.9,24,119487.98,1,124206.18,122318.9,120431.62,118544.34,116657.06,114769.78
APP00793,Jose Wallace,Young Group,36,Salaried,166866.2,222454.98,55588.78,71784.96,1,,11484185.43,36,284943.67,1,307560.68,298513.88,289467.08,280420.27,271373.47,262326.66
APP00794,Heather Evans,Kaiser-Herman,23,Salaried,59695.06,74232.07,14537.01,10826.65,0,602.0,2560261.42,36,53467.5,4,61986.45,58578.87,55171.29,51763.71,48356.13,44948.55
APP00795,Brenda Elliott,Barrera Inc,30,Salaried,55687.79,70501.49,14813.71,6657.71,0,589.0,1424320.61,48,145753.71,1,155024.4,151316.12,147607.85,143899.57,140191.29,136483.01
APP00796,Robert Kelley,Downs-Allen,29,Self-Employed,47660.75,56247.0,8586.25,12070.49,0,741.0,3213514.28,60,45733.44,3,49212.47,47820.86,46429.25,45037.64,43646.03,42254.42
APP00797,Caroline Estrada,Sanchez-Matthews,26,Salaried,77506.51,105981.69,28475.18,18617.54,0,617.0,5087515.09,84,89361.1,2,99229.53,95282.16,91334.79,87387.42,83440.05,79492.68
APP00798,Julia Miranda,Schultz-Stone,42,Salaried,74008.3,90653.44,16645.14,22788.22,1,,4618984.84,36,161972.86,0,174726.95,169625.31,164523.67,159422.04,154320.4,149218.76
APP00799,Ashley Roberts,"Cochran, Adams and Parsons",32,Self-Employed,51465.74,60458.43,8992.68,5262.28,1,,2469488.2,36,136814.83,1,145742.57,142171.47,138600.38,135029.28,131458.18,127887.08
APP00800,Daniel Brown,Mcdonald-Smith,21,Salaried,97998.11,120782.73,22784.62,18984.79,0,685.0,2723022.77,48,102571.93,0,106860.55,105145.1,103429.65,101714.2,99998.76,98283.31
APP00801,Craig Miles,"James, Perez and Weber",45,Self-Employed,41000.07,49055.03,8054.96,9517.38,0,692.0,534795.41,24,61525.21,2,65850.37,64120.3,62390.24,60660.18,58930.11,57200.05
APP00802,Brian Nguyen,"Wilkinson, Kelley and Hughes",37,Salaried,42650.11,58426.82,15776.71,9235.32,0,700.0,2590098.53,36,99832.2,1,107448.79,104402.15,101355.52,98308.89,95262.25,92215.62
APP00803,Jack Jackson,Werner Ltd,42,Self-Employed,114552.5,131468.95,16916.45,6392.67,0,715.0,5908067.3,120,205492.94,0,208886.8,207529.26,206171.72,204814.17,203456.63,202099.09
APP00804,Adam Gay,Mcmillan-Humphrey,39,Self-Employed,103913.42,115098.87,11185.44,23936.81,0,707.0,3993807.91,48,98307.24,1,107280.0,103690.9,100101.79,96512.69,92923.59,89334.48
APP00805,Angela Love,Murray-Lewis,44,Self-Employed,144633.26,171472.26,26839.0,26185.07,0,730.0,6194939.47,84,187881.37,0,180503.63,183454.73,186405.82,189356.92,192308.01,195259.11
APP00806,Ms. Ashley Burns,Jones Inc,38,Self-Employed,29625.0,34582.99,4957.98,10123.8,0,595.0,1756864.92,12,51106.85,3,56890.16,54576.83,52263.51,49950.18,47636.86,45323.53
APP00807,Colton Daniels,Wood Group,50,Self-Employed,146562.32,172789.19,26226.86,29126.59,0,644.0,3792136.06,120,304926.54,0,317282.55,312340.15,307397.74,302455.34,297512.93,292570.53
APP00808,Thomas Newman,Romero-Roberts,42,Self-Employed,92136.82,105911.6,13774.79,8485.28,0,628.0,1219689.09,12,111681.97,4,122510.28,118178.95,113847.63,109516.31,105184.99,100853.66
APP00809,Taylor Delgado,"Bailey, Richardson and Marquez",42,Salaried,159864.85,220529.77,60664.92,33636.79,0,715.0,2823380.22,84,139331.49,1,146792.91,143808.34,140823.77,137839.2,134854.64,131870.07
APP00810,David Taylor,Dixon Group,42,Salaried,41241.31,51314.87,10073.56,8175.67,0,809.0,2940931.42,48,91079.31,0,100471.95,96714.9,92957.84,89200.79,85443.73,81686.68
APP00811,Raymond Franco,Watson PLC,23,Salaried,62495.85,83336.26,20840.41,5873.94,1,,1533321.01,48,74980.17,1,78409.13,77037.54,75665.96,74294.38,72922.8,71551.21
APP00812,Cody Little,Robinson Group,36,Salaried,59463.86,71031.46,11567.6,16148.06,0,687.0,4200436.82,60,57288.8,3,58797.21,58193.85,57590.48,56987.11,56383.75,55780.38
APP00813,Tammy Jackson,Abbott-Guzman,35,Salaried,32542.89,44557.9,12015.02,785.33,0,794.0,445372.67,12,39248.91,1,39356.92,39313.72,39270.51,39227.3,39184.1,39140.89
APP00814,Sandra Newton,"Elliott, Campbell and Miller",40,Self-Employed,38953.17,44074.58,5121.41,1957.34,0,739.0,2038236.05,36,40912.47,1,39783.39,40235.02,40686.65,41138.28,41589.91,42041.54
APP00815,Cody Bryan,"Wood, Wilson and Douglas",24,Self-Employed,115006.06,127907.27,12901.21,47029.17,1,,5016348.46,120,76330.51,3,88515.08,83641.26,78767.43,73893.6,69019.77,64145.95
APP00816,Jacob Arnold,"May, Taylor and Craig",54,Salaried,61237.19,77008.99,15771.81,11699.92,0,703.0,2552408.48,24,81069.04,2,93082.72,88277.25,83471.77,78666.3,73860.82,69055.35
APP00817,Ronald Allen,Morgan Group,39,Self-Employed,38291.26,42555.86,4264.6,3734.19,0,748.0,459932.66,24,35354.7,1,37902.56,36883.42,35864.27,34845.13,33825.99,32806.85
APP00818,Keith Fuller,Krueger LLC,26,Salaried,87389.14,112726.64,25337.5,7291.1,0,708.0,4024662.38,60,177369.87,1,171666.78,173948.01,176229.25,178510.49,180791.72,183072.96
APP00819,Michele Stein,Morales and Sons,21,Salaried,85826.49,111823.02,25996.53,20368.97,0,703.0,4204429.78,48,57377.09,1,63380.37,60979.06,58577.75,56176.44,53775.13,51373.82
APP00820,Kathleen Porter,"Gonzalez, Schmidt and Ward",35,Self-Employed,120710.14,135426.15,14716.01,33440.38,0,829.0,7491548.96,48,144704.86,0,155460.09,151158.0,146855.91,142553.82,138251.72,133949.63
APP00821,Elijah Perkins,Hall-Tyler,37,Self-Employed,35671.39,39505.84,3834.44,4891.69,1,,2205886.87,36,95391.05,0,91754.11,93208.88,94663.66,96118.44,97573.22,99027.99
APP00822,Michael Martin,Martin-Rangel,31,Self-Employed,55211.92,65422.6,10210.68,6081.0,0,692.0,3348733.24,24,85857.29,3,94553.77,91075.18,87596.59,84117.99,80639.4,77160.81
APP00823,Wayne Davis,"Brown, Bennett and Clay",39,Salaried,111068.45,145829.47,34761.02,36130.93,0,623.0,1726730.8,12,253891.89,3,285777.41,273023.2,260269.0,247514.79,234760.59,222006.38
APP00824,Jeffrey Lee,Fleming-Lowe,32,Salaried,47695.59,61989.48,14293.89,11342.62,0,777.0,3081954.56,12,44972.26,0,45452.98,45260.69,45068.41,44876.12,44683.83,44491.55
APP00825,April Randall,Gardner-Owen,44,Self-Employed,39800.73,47662.17,7861.44,7977.82,0,836.0,1727803.22,36,88256.19,0,90083.62,89352.64,88621.67,87890.7,87159.73,86428.76
APP00826,Rachel Coleman,"Thompson, Brewer and Benson",31,Salaried,91817.19,109841.92,18024.73,23082.55,0,696.0,5890108.12,84,57460.41,0,60137.25,59066.51,57995.78,56925.04,55854.31,54783.57
APP00827,Matthew Robertson,Shepherd-Shaw,38,Self-Employed,187317.06,215588.96,28271.91,25492.2,0,561.0,12458233.41,36,502429.3,0,504617.46,503742.2,502866.93,501991.67,501116.4,500241.14
APP00828,George Gonzales,"Austin, Jackson and Hicks",48,Self-Employed,30692.69,33878.8,3186.11,2973.75,1,,517700.16,12,84837.2,1,91016.66,88544.88,86073.09,83601.31,81129.52,78657.74
APP00829,Samantha Mckee,Roberts-Ferguson,64,Salaried,23497.2,31872.28,8375.08,7097.42,0,731.0,860130.51,24,44481.47,1,47367.99,46213.38,45058.77,43904.16,42749.55,41594.94
APP00830,Edward Ramos,"Webb, Jensen and Taylor",28,Self-Employed,20018.3,23712.2,3693.9,1206.9,0,625.0,847553.96,12,19546.96,1,19542.06,19544.02,19545.98,19547.93,19549.89,19551.85
APP00831,Hannah Gonzalez,Turner-Harris,33,Salaried,41150.83,51527.52,10376.69,4540.88,1,,1980630.51,36,93077.09,0,99298.07,96809.68,94321.28,91832.89,89344.5,86856.1
APP00832,Franklin Stevens,"Cobb, Bentley and Bass",30,Self-Employed,51536.07,59648.1,8112.03,12588.4,0,698.0,3519827.0,24,113605.3,1,121126.0,118117.72,115109.44,112101.16,109092.88,106084.6
APP00833,Susan Grimes,"Ramos, Greer and Knight",46,Salaried,99775.14,132382.94,32607.8,5036.25,0,602.0,1407102.35,24,207710.26,0,220898.02,215622.92,210347.81,205072.71,199797.61,194522.51
APP00834,Tonya Harvey,Snyder-Pierce,27,Salaried,56125.22,73303.53,17178.3,13479.52,0,744.0,2701989.22,48,120545.97,1,122683.09,121828.24,120973.4,120118.55,119263.71,118408.86
APP00835,Amy Rhodes,Short Ltd,33,Salaried,47356.06,62357.85,15001.79,9635.26,0,750.0,1965229.77,60,48242.22,0,47985.31,48088.07,48190.84,48293.6,48396.37,48499.13
APP00836,Elizabeth Duncan,Miller PLC,38,Salaried,73957.09,90683.95,16726.85,26652.97,0,714.0,1483244.79,36,148669.63,0,148359.65,148483.64,148607.64,148731.63,148855.62,148979.62
APP00837,Karen Holland,Vargas Ltd,28,Salaried,39422.48,52166.43,12743.94,2545.0,0,663.0,2092544.09,60,40562.77,1,39810.22,40111.24,40412.26,40713.28,41014.3,41315.32
APP00838,Greg Dyer,"Chandler, Adams and Singleton",28,Salaried,59505.24,79010.85,19505.61,6742.28,1,,3313534.6,120,99074.43,1,97881.26,98358.53,98835.8,99313.07,99790.34,100267.61
APP00839,Colin Gregory,Bullock PLC,33,Self-Employed,37654.01,43178.41,5524.4,3949.29,1,,710914.96,24,53112.75,0,51904.82,52387.99,52871.17,53354.34,53837.51,54320.69
APP00840,Bradley Guerrero,Smith and Sons,21,Self-Employed,326445.57,376224.74,49779.17,34442.44,0,767.0,5960854.13,36,319489.89,0,336128.57,329473.1,322817.63,316162.15,309506.68,302851.21
APP00841,Kevin Butler,Miller-Mckenzie,24,Salaried,83005.28,104137.82,21132.54,14624.02,0,666.0,3425934.23,24,86605.76,0,84462.15,85319.6,86177.04,87034.49,87891.93,88749.38
APP00842,Krystal Sanders,Patel-Huffman,34,Self-Employed,33303.39,38618.48,5315.1,13596.98,0,768.0,2311340.79,36,71891.58,1,80637.92,77139.38,73640.84,70142.31,66643.77,63145.23
APP00843,Christopher Wu,Edwards Ltd,39,Salaried,44599.81,60965.25,16365.44,11757.66,0,722.0,2759089.34,48,25323.93,1,23838.27,24432.54,25026.8,25621.07,26215.33,26809.6
APP00844,Ashley Atkins,Morrison-Anderson,36,Salaried,55317.75,65432.19,10114.44,16629.06,1,,2869039.8,60,81263.34,0,83143.92,82391.69,81639.46,80887.23,80135.0,79382.77
APP00845,Brandon Schmidt,Jones-Jones,21,Self-Employed,15809.49,18596.89,2787.4,6100.33,0,755.0,565643.61,12,21769.52,3,23806.62,22991.78,22176.94,21362.09,20547.25,19732.41
APP00846,John Spencer,"Ball, Williams and Haynes",33,Salaried,46717.79,61859.59,15141.79,6655.47,0,742.0,3226844.15,36,33748.66,0,36430.96,35358.04,34285.12,33212.2,32139.28,31066.36
APP00847,Kenneth Rodriguez,"Ramirez, Mora and Whitehead",46,Self-Employed,41005.97,46800.5,5794.52,7658.26,0,631.0,1658830.65,12,26363.57,4,28202.0,27466.63,26731.26,25995.88,25260.51,24525.14
APP00848,Leah Miller,Fritz Group,44,Self-Employed,124856.49,139713.65,14857.15,13330.01,0,714.0,2536265.07,48,188126.79,2,189006.27,188654.48,188302.69,187950.9,187599.1,187247.31
APP00849,Benjamin Gonzales,"Flynn, Campbell and House",37,Salaried,56287.61,73236.49,16948.88,15801.16,0,582.0,2695999.45,60,67528.09,1,76886.36,73143.05,69399.74,65656.44,61913.13,58169.82
APP00850,Krista Klein,Dennis and Sons,29,Salaried,43160.09,57487.95,14327.86,14834.93,0,653.0,758915.96,24,41004.68,4,48009.8,45207.75,42405.71,39603.66,36801.61,33999.56
APP00851,Ashley Ewing,Davis-Buckley,44,Self-Employed,26313.73,29301.0,2987.27,6611.93,0,562.0,1681809.25,36,26186.13,0,27622.67,27048.05,26473.44,25898.82,25324.2,24749.59
APP00852,Ashley Greer,"Webb, Burke and Ware",32,Salaried,37734.2,48582.66,10848.46,1090.23,0,685.0,1591372.8,36,39876.97,0,41314.92,40739.74,40164.56,39589.38,39014.2,38439.02
APP00853,Christopher Choi,Lyons-Marshall,26,Self-Employed,51310.45,60228.88,8918.43,6681.45,0,818.0,2885947.25,48,100510.75,0,95202.26,97325.66,99449.05,101572.45,103695.84,105819.24
APP00854,Patricia Taylor,Gallegos-Ayers,30,Salaried,56665.06,69498.15,12833.1,11031.43,1,,3572905.55,24,150535.38,0,137904.59,142956.91,148009.22,153061.53,158113.85,163166.16
APP00855,Amy Young,Campbell Ltd,52,Self-Employed,152087.02,179852.32,27765.3,12963.48,0,719.0,9022703.51,60,184392.99,0,196185.87,191468.72,186751.57,182034.41,177317.26,172600.11
APP00856,Adrian Wheeler,"Wright, Neal and Foster",40,Self-Employed,41363.15,47684.14,6320.99,13054.37,0,600.0,2460365.5,12,52221.21,3,55459.92,54164.44,52868.95,51573.47,50277.98,48982.5
APP00857,Elijah Zimmerman,Davis Group,50,Salaried,121804.81,144992.9,23188.09,12128.1,0,766.0,7203153.08,48,259677.4,2,279306.62,271454.93,263603.24,255751.55,247899.86,240048.18
APP00858,Stephen Howell,Murray-Bailey,33,Salaried,72861.07,98237.17,25376.1,20619.72,0,692.0,2560364.29,12,79302.73,1,78658.17,78915.99,79173.82,79431.64,79689.47,79947.29
APP00859,Kristine Lowery,Johnson-Molina,47,Salaried,75467.41,89242.7,13775.3,25929.45,0,715.0,1035533.38,84,51038.81,0,59483.56,56105.66,52727.76,49349.86,45971.96,42594.06
APP00860,Carol Mcgee,"Robles, Zimmerman and Morales",32,Salaried,25953.78,34940.12,8986.33,2756.62,0,776.0,706717.23,24,52165.54,0,53992.92,53261.97,52531.01,51800.06,51069.1,50338.15
APP00861,Phillip Becker,Reed Ltd,36,Salaried,37703.31,48445.34,10742.03,10605.21,0,629.0,1923999.76,24,44932.64,1,44904.52,44915.77,44927.01,44938.26,44949.51,44960.75
APP00862,Barbara Watson,"Mahoney, Moore and Duran",63,Salaried,105575.88,124317.88,18742.0,7675.44,0,776.0,3271364.53,84,51839.75,1,55581.3,54084.68,52588.06,51091.44,49594.82,48098.21
APP00863,Tiffany Bowen,Sellers-Ruiz,46,Salaried,141855.06,170815.56,28960.49,33863.51,1,,10096516.97,48,165016.57,0,160125.15,162081.72,164038.29,165994.85,167951.42,169907.99
APP00864,Larry Garcia,"Clark, Valentine and Valdez",33,Self-Employed,68173.21,75741.23,7568.03,18001.8,0,729.0,2108429.85,36,159680.43,5,189006.5,177276.07,165545.65,153815.22,142084.79,130354.36
APP00865,Regina Rodriguez,Gomez Inc,37,Salaried,96118.5,125502.56,29384.06,14384.86,0,632.0,5239008.9,84,56272.08,0,54124.37,54983.46,55842.54,56701.62,57560.71,58419.79
APP00866,Megan Scott,Hill-Reid,41,Salaried,59514.65,79319.73,19805.08,19724.32,0,619.0,1151603.27,24,135462.63,3,147287.45,142557.52,137827.59,133097.66,128367.73,123637.8
APP00867,Jeremy Massey,Campbell-Watkins,50,Salaried,63986.94,79711.76,15724.82,19243.63,0,621.0,2515756.72,36,110695.39,3,125495.14,119575.24,113655.34,107735.44,101815.54,95895.64
APP00868,Ashley Smith,Stewart Inc,33,Salaried,48159.31,62854.71,14695.4,2457.74,0,776.0,2895800.7,48,121177.69,1,129616.44,126240.94,122865.44,119489.94,116114.44,112738.94
APP00869,Robert Lopez,King-Rivas,21,Self-Employed,98920.07,114193.57,15273.5,9750.46,0,784.0,6589653.32,48,178944.15,0,182682.21,181186.99,179691.76,178196.53,176701.31,175206.08
APP00870,Donna Mcdaniel,"Tran, Elliott and Merritt",35,Salaried,77650.06,105146.05,27495.98,19971.78,0,722.0,1268209.82,12,154038.32,1,153925.49,153970.62,154015.75,154060.88,154106.01,154151.14
APP00871,Charles Hutchinson,"Waters, Carter and Roy",38,Salaried,62121.53,75877.58,13756.05,8780.69,0,705.0,3745096.13,84,156789.68,4,175311.31,167902.65,160494.0,153085.35,145676.7,138268.05
APP00872,Melissa Morton,"Graham, Mcdonald and Davenport",39,Salaried,60254.3,72288.47,12034.17,16862.62,0,680.0,4212568.35,60,48177.74,4,56287.93,53043.86,49799.78,46555.7,43311.62,40067.55
APP00873,Alexis Peterson,"Cisneros, Lopez and Garcia",51,Salaried,97145.94,121922.99,24777.05,32735.06,0,698.0,1301059.42,120,62620.49,0,54861.84,57965.3,61068.76,64172.23,67275.69,70379.15
APP00874,Jonathan Marks,Jackson-Prince,41,Self-Employed,81497.16,96461.86,14964.7,8616.35,0,587.0,4957353.48,60,148840.18,2,170013.59,161544.22,153074.86,144605.5,136136.13,127666.77
APP00875,Amanda White,Walker-Delacruz,46,Salaried,52006.46,63685.6,11679.13,3835.76,0,582.0,757840.19,48,85029.21,1,88915.27,87360.85,85806.42,84252.0,82697.57,81143.15
APP00876,Meghan Long,Ramirez-Garcia,27,Salaried,129762.33,174458.13,44695.81,31641.74,0,557.0,6832409.62,24,205209.47,1,211065.85,208723.3,206380.75,204038.2,201695.64,199353.09
APP00877,Christopher Bruce,"Ray, Lee and Alvarez",47,Salaried,84897.95,101259.42,16361.47,31394.52,0,679.0,6051151.64,12,96870.04,1,108849.67,104057.82,99265.97,94474.12,89682.26,84890.41
APP00878,Shane Bishop,"Lee, Brewer and Tucker",59,Salaried,75982.46,102904.5,26922.04,15990.03,0,707.0,1301326.62,24,200548.96,0,205975.38,203804.82,201634.25,199463.68,197293.11,195122.54
APP00879,Gary Robinson,Smith and Sons,46,Self-Employed,193364.44,220949.37,27584.93,36029.69,1,,10978008.65,84,352462.14,1,376964.87,367163.78,357362.69,347561.6,337760.5,327959.41
APP00880,Leah Williams,Johnson-Saunders,41,Salaried,113352.8,152754.26,39401.46,9506.87,0,739.0,2111632.18,36,220093.43,1,244248.0,234586.17,224924.34,215262.51,205600.68,195938.85
APP00881,Isaac Mcdonald,"Garcia, Graham and Horn",40,Salaried,67931.97,86047.68,18115.71,24780.65,0,608.0,3195033.69,48,31729.76,5,36425.17,34547.0,32668.84,30790.68,28912.52,27034.36
APP00882,Jasmine Gomez,Mccoy-Wheeler,56,Self-Employed,100049.63,115143.82,15094.19,25114.33,1,,3281321.6,36,104258.89,4,123913.94,116051.92,108189.9,100327.88,92465.86,84603.84
APP00883,Kerry Cook,"Jackson, Reed and Garcia",29,Self-Employed,26479.39,30943.5,4464.1,8757.28,0,594.0,1204548.82,24,26656.8,1,29435.13,28323.8,27212.47,26101.14,24989.81,23878.48
APP00884,Joe Downs,Pollard and Sons,37,Salaried,51114.35,61709.37,10595.02,10708.2,0,572.0,2938552.7,36,136448.19,2,138449.36,137648.89,136848.43,136047.96,135247.49,134447.03
APP00885,Charles Lambert,"Parker, King and Burnett",43,Self-Employed,13666.81,15051.08,1384.27,3290.66,0,717.0,322612.62,12,10148.95,5,12293.23,11435.52,10577.8,9720.09,8862.38,8004.67
APP00886,Donald Porter,Brown PLC,45,Salaried,129539.14,162035.77,32496.64,25409.51,0,780.0,3881716.72,24,205963.73,0,204831.11,205284.16,205737.21,206190.26,206643.31,207096.36
APP00887,Keith Rice,Gonzalez and Sons,34,Salaried,27971.73,33594.69,5622.97,2833.9,0,652.0,529594.13,36,61826.06,0,58962.26,60107.78,61253.3,62398.81,63544.33,64689.85
APP00888,Wendy Johnson,Scott Inc,41,Self-Employed,104718.93,117368.89,12649.95,2236.68,0,717.0,3818347.02,48,212779.53,1,208132.54,209991.34,211850.14,213708.93,215567.73,217426.53
APP00889,Patricia Brennan,Burns-Wright,35,Self-Employed,33823.96,37713.56,3889.6,13274.96,0,661.0,570203.15,60,65360.95,4,73584.12,70294.85,67005.58,63716.32,60427.05,57137.79
APP00890,Madeline Walters,Hardin-Walker,39,Salaried,44961.79,53864.59,8902.8,10187.42,0,803.0,616769.92,24,55959.48,1,59613.49,58151.89,56690.29,55228.68,53767.08,52305.48
APP00891,Douglas Pope,Kramer Ltd,37,Salaried,62469.64,84451.44,21981.8,7791.72,0,636.0,3496902.91,24,53152.2,4,63040.91,59085.43,55129.94,51174.45,47218.97,43263.48
APP00892,Teresa Maldonado,Wilson-Walker,27,Salaried,67585.7,87864.69,20279.0,14197.66,0,732.0,3666651.93,48,64687.49,0,65935.45,65436.26,64937.08,64437.89,63938.71,63439.52
APP00893,Phillip Stevenson,Wilson Ltd,38,Salaried,90914.24,113070.98,22156.74,7665.22,0,797.0,1249126.64,12,163165.99,1,165378.63,164493.57,163608.52,162723.46,161838.41,160953.35
APP00894,Madison Bell,Chavez Group,47,Salaried,167841.68,228548.21,60706.53,5430.73,0,639.0,8597074.92,84,297188.26,0,306061.66,302512.3,298962.94,295413.58,291864.22,288314.85
APP00895,Jennifer Brown,Forbes and Sons,28,Self-Employed,71015.5,78104.12,7088.62,5720.62,0,679.0,3727794.13,48,103326.56,1,112083.07,108580.47,105077.87,101575.26,98072.66,94570.06
APP00896,Frank Mcneil,Johnson-Sherman,36,Self-Employed,113499.75,135307.98,21808.23,9365.51,0,722.0,3703718.71,60,304401.33,1,302021.8,302973.61,303925.42,304877.23,305829.04,306780.85
APP00897,Mr. David Young,Curtis-Ferguson,45,Self-Employed,44726.47,52762.69,8036.22,13976.2,0,570.0,1326832.86,24,56678.78,6,70406.27,64915.28,59424.28,53933.28,48442.29,42951.29
APP00898,Chad Smith,Edwards Inc,27,Self-Employed,89819.82,102838.54,13018.72,2923.73,0,865.0,2315914.04,36,91102.14,1,91769.9,91502.8,91235.7,90968.59,90701.49,90434.39
APP00899,Jody Griffin,"Gould, Hunt and Alexander",40,Salaried,75721.55,103976.14,28254.59,14423.24,1,,3646927.42,84,137208.09,0,143832.4,141182.67,138532.95,135883.23,133233.51,130583.79
APP00900,Elizabeth Jackson,Richards-Schmidt,27,Self-Employed,39408.11,44634.73,5226.61,10798.93,0,723.0,788224.9,24,66480.35,0,74392.86,71227.85,68062.85,64897.85,61732.84,58567.84
APP00901,Eric Parker,Hill-Clayton,49,Salaried,72428.24,87069.65,14641.41,14594.76,0,647.0,3252150.8,36,160370.67,1,155532.15,157467.56,159402.96,161338.37,163273.78,165209.19
APP00902,Kristen Pineda,Clark-Williams,61,Self-Employed,65827.53,72970.57,7143.04,4731.88,0,781.0,2393327.39,24,120548.13,1,121014.33,120827.85,120641.37,120454.89,120268.41,120081.93
APP00903,Thomas Aguilar,Murray PLC,58,Salaried,82416.91,109161.93,26745.03,13246.47,0,753.0,3522853.09,24,39393.98,1,40119.55,39829.32,39539.09,39248.87,38958.64,38668.41
APP00904,Christopher Carpenter,Carney PLC,36,Salaried,80713.03,99506.76,18793.72,21190.63,1,,4642963.46,36,119890.29,3,141370.17,132778.22,124186.26,115594.31,107002.35,98410.4
APP00905,Mrs. Patricia Patterson,Miller LLC,45,Self-Employed,47621.51,53554.24,5932.73,8688.07,0,682.0,1215280.53,36,41577.04,1,43854.2,42943.34,42032.47,41121.61,40210.74,39299.88
APP00906,Andrea Washington,Good-Smith,39,Salaried,50048.98,67149.49,17100.52,1585.15,0,656.0,1540113.98,36,53549.36,0,53043.16,53245.64,53448.12,53650.6,53853.08,54055.56
APP00907,Desiree Scott,"Freeman, Moore and Lee",39,Salaried,97779.24,132715.43,34936.19,6176.78,0,738.0,3998729.33,60,229646.45,0,240182.22,235967.91,231753.6,227539.3,223324.99,219110.68
APP00908,Christopher Adams,Baxter Group,53,Salaried,35245.54,44055.59,8810.05,4611.87,0,757.0,1110971.09,36,95762.83,2,94272.11,94868.4,95464.69,96060.98,96657.27,97253.55
APP00909,Colleen Ross,"Reid, Mahoney and Thomas",25,Self-Employed,34382.48,38932.28,4549.8,13849.5,0,754.0,1820674.36,36,73609.82,0,84815.46,80333.21,75850.95,71368.7,66886.44,62404.18
APP00910,Larry Shields,Douglas-Barrett,49,Salaried,152088.84,194219.58,42130.74,39998.72,0,734.0,3124149.74,48,143814.9,1,147182.57,145835.5,144488.44,143141.37,141794.3,140447.24
APP00911,Christina Gross,Reyes Ltd,38,Self-Employed,9432.11,10735.65,1303.54,3622.86,0,716.0,631716.46,12,11928.86,2,14236.94,13313.71,12390.48,11467.24,10544.01,9620.78
APP00912,Lindsay Miller,Meyer-Hall,52,Salaried,55363.11,75261.6,19898.49,21980.46,1,,3796349.45,60,117661.04,2,138720.43,130296.67,121872.92,113449.16,105025.41,96601.65
APP00913,Sheri Peterson,Anderson Ltd,40,Salaried,96309.37,123327.98,27018.61,6045.93,0,698.0,1884598.69,12,242867.63,1,266664.49,257145.75,247627.0,238108.26,228589.51,219070.76
APP00914,Cole Herrera,Mitchell LLC,31,Salaried,30097.76,36910.83,6813.08,5517.29,0,770.0,1239951.97,24,17633.16,2,18433.91,18113.61,17793.31,17473.01,17152.71,16832.42
APP00915,Margaret Livingston,Pope-Barker,41,Salaried,230179.95,271036.14,40856.19,58589.76,0,712.0,7536484.62,36,240324.22,2,268860.82,257446.18,246031.54,234616.9,223202.26,211787.61
APP00916,Gabriel Curry,Wilson Ltd,45,Self-Employed,11107.55,13282.8,2175.25,2242.84,0,627.0,362793.29,36,19780.24,3,22453.13,21383.97,20314.81,19245.66,18176.5,17107.34
APP00917,Jennifer Shelton,"Jones, Mayer and Johnson",38,Self-Employed,171528.63,194106.95,22578.32,13970.77,0,771.0,4118146.89,60,162741.5,0,172012.14,168303.88,164595.63,160887.37,157179.11,153470.86
APP00918,Anthony Perry,"Rangel, Bush and Jensen",43,Salaried,147424.44,202636.43,55211.99,26008.29,0,762.0,6529133.39,48,74044.63,1,83118.99,79489.24,75859.5,72229.76,68600.01,64970.27
APP00919,Mark Cook,"Mason, Perry and Martinez",33,Self-Employed,112054.36,133267.25,21212.9,32516.49,0,753.0,6739910.65,60,100811.38,0,109155.6,105817.91,102480.23,99142.54,95804.85,92467.16
APP00920,Kyle Scott MD,"Marshall, Freeman and Wallace",21,Salaried,49780.32,62650.4,12870.08,12381.47,0,691.0,1305220.43,36,80800.67,2,91472.87,87203.99,82935.11,78666.23,74397.34,70128.46
APP00921,Timothy Elliott,Graham and Sons,47,Salaried,88811.59,108282.31,19470.73,14447.11,0,665.0,5242853.86,60,186544.55,2,202987.08,196410.07,189833.06,183256.04,176679.03,170102.02
APP00922,Mrs. Lisa Ramsey,Novak-Morris,45,Self-Employed,36286.03,42508.5,6222.47,4012.38,0,760.0,2064582.09,24,80408.28,0,83196.89,82081.45,80966.0,79850.56,78735.11,77619.67
APP00923,Brandon Moore,"Joseph, Gray and Stone",39,Self-Employed,111895.7,123969.97,12074.27,14594.7,0,823.0,5576244.57,36,200285.74,1,233027.72,219930.93,206834.13,193737.34,180640.54,167543.75
APP00924,Randall Davis,"Ramirez, Rodriguez and Williams",39,Salaried,42199.61,50124.35,7924.75,4742.97,0,699.0,2753648.14,60,79519.7,3,89345.87,85415.4,81484.94,77554.47,73624.01,69693.54
APP00925,Jenny Ryan,Baker-Glass,48,Self-Employed,56756.2,62523.92,5767.72,24119.65,0,631.0,2731849.12,12,80551.06,1,82131.29,81499.2,80867.1,80235.01,79602.92,78970.83
APP00926,Kristen Sandoval,Alexander PLC,33,Salaried,101611.81,130903.08,29291.27,4303.44,0,767.0,6095892.16,36,247181.95,0,254929.76,251830.64,248731.52,245632.39,242533.27,239434.15
APP00927,Erin Figueroa,Ward-Morrison,31,Salaried,38308.0,51178.11,12870.11,2775.9,0,664.0,2655724.89,60,78486.48,0,79685.52,79205.91,78726.29,78246.67,77767.05,77287.43
APP00928,Michael Hines,Coleman LLC,36,Self-Employed,47464.21,55222.65,7758.45,14723.68,0,719.0,3001890.03,12,88480.24,0,95347.14,92600.38,89853.62,87106.86,84360.1,81613.34
APP00929,Ellen Barton,Martinez Inc,50,Salaried,81426.93,111623.73,30196.79,22139.07,0,677.0,3790926.84,36,194033.81,1,212702.69,205235.14,197767.59,190300.04,182832.49,175364.94
APP00930,Jody Ramirez,Miller-Austin,24,Salaried,31423.16,37424.25,6001.09,3937.07,0,793.0,926489.32,24,23377.76,0,23900.96,23691.68,23482.4,23273.12,23063.84,22854.57
APP00931,Teresa Anderson,"Sexton, Turner and Willis",50,Salaried,127709.04,169216.22,41507.18,33708.91,0,658.0,6161406.66,36,66033.21,4,79485.98,74104.87,68723.77,63342.66,57961.56,52580.45
APP00932,John Rios,"Farmer, Garcia and Mcbride",32,Salaried,74694.21,98453.22,23759.01,4452.1,0,808.0,4128489.11,24,132594.71,0,135128.18,134114.79,133101.41,132088.02,131074.63,130061.24
APP00933,Heidi Mayo,Turner-Baldwin,27,Self-Employed,18864.61,22095.59,3230.98,4625.67,0,859.0,1040843.08,36,26744.0,0,29885.02,28628.61,27372.21,26115.8,24859.39,23602.98
APP00934,Peter Davis,Cochran LLC,51,Self-Employed,66526.37,76471.5,9945.13,2823.48,1,,2386213.42,24,180406.67,1,183493.18,182258.58,181023.97,179789.37,178554.76,177320.16
APP00935,Chad Brown,Lindsey Inc,37,Salaried,48112.58,57800.79,9688.2,5899.64,0,666.0,2741241.21,84,57417.86,1,64469.79,61649.02,58828.25,56007.48,53186.71,50365.94
APP00936,Kristi White,Johnson PLC,25,Salaried,43367.1,53864.54,10497.44,812.12,0,762.0,1384656.67,12,94135.86,1,93987.29,94046.72,94106.14,94165.57,94225.0,94284.43
APP00937,Holly Hernandez,Little Inc,34,Self-Employed,63047.63,70756.16,7708.53,4465.06,0,735.0,1240981.27,12,136108.68,0,130939.66,133007.27,135074.88,137142.49,139210.1,141277.71
APP00938,Oscar Dorsey,"Lee, Holmes and Taylor",47,Self-Employed,41833.32,50083.96,8250.64,9209.31,0,667.0,2906892.79,48,40813.02,4,49495.61,46022.57,42549.54,39076.5,35603.47,32130.43
APP00939,Allen Strickland,Alexander-Willis,50,Self-Employed,135048.62,158969.22,23920.6,19941.14,0,677.0,9062629.87,24,65162.02,1,66056.12,65698.48,65340.84,64983.2,64625.56,64267.92
APP00940,William Porter,Franco-Williams,34,Salaried,47864.93,65456.85,17591.93,7298.99,0,748.0,1791725.09,24,68373.27,1,73066.61,71189.27,69311.94,67434.6,65557.27,63679.94
APP00941,Hailey Mcbride,"Bray, Daniels and Douglas",42,Salaried,112498.43,145146.85,32648.42,31750.62,0,683.0,5063471.46,60,97067.49,2,100108.23,98891.93,97675.64,96459.34,95243.04,94026.75
APP00942,Fred Berger,Harper-Boyer,45,Salaried,73341.46,87057.98,13716.52,12464.37,0,591.0,948169.96,36,65531.11,0,68951.91,67583.59,66215.27,64846.95,63478.63,62110.31
APP00943,Nicholas Jones,Patterson PLC,32,Salaried,94174.57,125068.04,30893.47,2683.71,0,732.0,6511441.1,120,153271.02,0,156667.67,155309.01,153950.35,152591.69,151233.02,149874.36
APP00944,Jennifer Shields,"Lewis, Massey and Huffman",42,Salaried,56688.38,70604.7,13916.32,2216.32,0,751.0,1884560.18,36,52684.92,1,55266.53,54233.89,53201.25,52168.6,51135.96,50103.31
APP00945,Justin Ortiz,"Crawford, Lopez and Kim",38,Salaried,54986.68,71857.45,16870.77,4091.23,0,799.0,2676884.76,84,100585.82,1,98165.8,99133.81,100101.81,101069.82,102037.83,103005.84
APP00946,Theresa Burton,Bryant-Nguyen,33,Salaried,38638.08,48719.28,10081.2,14023.74,0,631.0,776308.34,12,64510.3,2,77212.11,72131.38,67050.66,61969.94,56889.22,51808.5
APP00947,David Baker,"Hill, Day and Miller",33,Salaried,84178.38,108460.75,24282.37,16119.25,0,673.0,1709402.79,36,127556.43,0,126320.64,126814.96,127309.28,127803.59,128297.91,128792.22
APP00948,David Harris,"Simpson, Perez and Wilson",39,Salaried,106522.68,128487.14,21964.46,10882.82,0,793.0,5029191.05,48,193153.09,1,200469.12,197542.71,194616.3,191689.89,188763.48,185837.07
APP00949,Maria Evans,"Wall, Carter and Parker",38,Salaried,179128.53,244334.28,65205.75,22978.53,0,679.0,9387243.25,84,166612.27,1,178325.79,173640.38,168954.97,164269.56,159584.15,154898.74
APP00950,Claire Hudson MD,Gutierrez PLC,32,Salaried,114524.83,141550.58,27025.75,18493.22,0,704.0,8101018.54,60,204108.39,2,221853.63,214755.53,207657.44,200559.34,193461.25,186363.15
APP00951,Sheila Adams,Larson-George,34,Salaried,73543.77,99649.19,26105.43,2851.28,1,,3970170.54,84,189997.55,2,192467.03,191479.24,190491.45,189503.66,188515.86,187528.07
APP00952,Samantha Campbell,Branch Group,49,Self-Employed,59311.15,70673.24,11362.08,3072.14,0,790.0,2886385.9,24,151463.43,0,146935.37,148746.59,150557.82,152369.04,154180.26,155991.48
APP00953,John Macdonald,Shah-Gates,40,Self-Employed,84341.51,97452.66,13111.15,5859.97,0,726.0,4071558.12,48,63105.11,1,60191.37,61356.87,62522.36,63687.85,64853.35,66018.84
APP00954,Michael Harper,Taylor PLC,47,Salaried,74686.92,90087.96,15401.05,11401.13,0,644.0,2128257.68,36,90461.43,1,97802.93,94866.33,91929.73,88993.13,86056.53,83119.94
APP00955,Kerry Andrade,"Anderson, Patrick and Smith",50,Self-Employed,191504.3,217950.3,26446.0,73395.4,0,712.0,6547088.4,60,355083.19,3,434106.54,402497.2,370887.86,339278.52,307669.18,276059.83
APP00956,Stephen Ward,Boyer-Thompson,44,Salaried,113125.97,144284.01,31158.04,24853.41,0,661.0,5603936.14,48,199110.83,2,221044.24,212270.88,203497.51,194724.14,185950.78,177177.41
APP00957,Sharon White,Vaughn-Noble,61,Self-Employed,38272.97,43132.25,4859.28,7959.37,0,673.0,771980.51,48,50294.77,1,53601.17,52278.61,50956.05,49633.49,48310.93,46988.37
APP00958,Wendy Evans,Ford-Reeves,30,Salaried,45811.36,54523.86,8712.5,3197.54,0,866.0,1380801.22,24,114212.22,0,118293.58,116661.04,115028.49,113395.94,111763.4,110130.85
APP00959,Brian Mccann,Evans Inc,46,Salaried,139919.01,192647.72,52728.71,14517.61,0,776.0,3088948.64,84,363196.92,1,356641.15,359263.46,361885.76,364508.07,367130.38,369752.69
APP00960,Thomas Hernandez,Alvarez Ltd,35,Self-Employed,75060.88,86992.0,11931.13,3895.78,0,677.0,1063086.9,60,139373.5,0,125098.76,130808.65,136518.55,142228.45,147938.35,153648.25
APP00961,Anne Jackson,"Mcdaniel, Williams and Lee",57,Salaried,68135.29,86969.36,18834.07,23366.24,1,,2662925.11,12,63469.13,2,68481.45,66476.52,64471.6,62466.67,60461.75,58456.82
APP00962,Ann Morgan,Myers-Coleman,55,Salaried,128977.53,154113.41,25135.88,17048.68,0,716.0,4435774.06,60,350109.39,0,388929.3,373401.34,357873.38,342345.41,326817.45,311289.48
APP00963,Michelle Macias,Estrada-Hoffman,21,Self-Employed,38118.78,43847.68,5728.9,2109.72,0,696.0,1737389.89,48,63047.12,0,60530.24,61536.99,62543.75,63550.5,64557.25,65564.01
APP00964,Amanda Young,"Mitchell, Barrett and Ross",28,Salaried,53585.56,71926.47,18340.92,15874.91,0,542.0,1923693.41,12,62312.01,3,71624.79,67899.68,64174.57,60449.46,56724.34,52999.23
APP00965,Melissa Johnson,Lopez-Herring,45,Self-Employed,49239.08,54962.25,5723.17,2880.91,0,778.0,806419.12,36,39055.49,1,40436.16,39883.89,39331.63,38779.36,38227.09,37674.82
APP00966,Crystal Jordan,"Waters, Riddle and Owens",46,Salaried,31281.73,42793.33,11511.6,7172.64,1,,1991497.7,48,79115.79,2,82425.8,81101.79,79777.79,78453.78,77129.78,75805.77
APP00967,Alejandro Ewing,Allen Ltd,45,Salaried,110358.43,133989.24,23630.81,6672.7,0,757.0,1584020.62,24,238252.39,0,236911.11,237447.62,237984.14,238520.65,239057.16,239593.67
APP00968,Shawn Martinez,Espinoza and Sons,37,Salaried,39581.29,47526.14,7944.85,2087.71,0,718.0,526270.99,12,26129.59,0,26527.23,26368.17,26209.11,26050.06,25891.0,25731.94
APP00969,Mr. Jeffrey White,Suarez-Adams,43,Salaried,56633.48,75493.2,18859.72,8177.85,0,743.0,755668.37,36,50127.78,0,50575.64,50396.49,50217.35,50038.2,49859.06,49679.91
APP00970,Brittany Rojas,Alvarez-Edwards,45,Self-Employed,40398.69,45114.68,4715.99,4721.8,0,758.0,2398276.08,24,106920.25,1,107659.91,107364.05,107068.18,106772.31,106476.45,106180.58
APP00971,Ashley Gomez,Riggs-Zamora,37,Salaried,94593.65,128706.25,34112.6,26131.32,0,645.0,3226158.61,24,56167.03,0,56638.27,56449.77,56261.28,56072.78,55884.29,55695.8
APP00972,Thomas Bailey II,Kirk Ltd,48,Salaried,73326.69,89898.01,16571.32,15829.64,0,698.0,5042664.49,48,143219.44,0,133001.26,137088.53,141175.8,145263.08,149350.35,153437.62
APP00973,Sonya Simon,Jackson and Sons,21,Salaried,55382.89,66028.87,10645.98,11317.23,0,656.0,1717591.69,120,95618.85,2,117668.4,108848.58,100028.76,91208.94,82389.12,73569.3
APP00974,Christopher Baker,"Moreno, Mendoza and Hancock",44,Self-Employed,20755.17,24086.73,3331.56,4228.73,0,734.0,758101.32,24,32622.31,2,36533.77,34969.18,33404.6,31840.02,30275.43,28710.85
APP00975,Andrew Hicks,"Moore, Love and Walker",28,Self-Employed,51969.78,57202.26,5232.48,6446.11,0,719.0,2802966.02,24,108643.97,2,119516.86,115167.7,110818.55,106469.39,102120.23,97771.08
APP00976,Justin Cox,Waller-Roberts,48,Salaried,38917.23,46564.43,7647.2,3956.82,0,640.0,2679699.35,36,49539.15,1,49627.31,49592.05,49556.78,49521.52,49486.26,49451.0
APP00977,Michael Delgado,Adams Group,36,Salaried,77363.31,99968.31,22605.0,21776.61,0,671.0,5166005.68,84,137270.26,0,141309.34,139693.71,138078.07,136462.44,134846.81,133231.18
APP00978,Kimberly Vaughn,Avery and Sons,29,Self-Employed,72389.25,84955.66,12566.41,3011.35,0,840.0,2500049.59,48,190834.48,1,189488.74,190027.04,190565.33,191103.63,191641.93,192180.23
APP00979,Dr. Michelle Ross,Owens-Alexander,42,Salaried,71760.99,91478.37,19717.38,15091.22,0,644.0,3791520.63,84,124028.63,1,139902.09,133552.7,127203.32,120853.93,114504.55,108155.16
APP00980,Jason Dudley,"Brooks, Smith and Horne",29,Salaried,154481.84,208239.02,53757.18,17643.63,0,728.0,2421393.75,60,263952.8,1,278621.07,272753.77,266886.46,261019.15,255151.84,249284.53
APP00981,James Ortiz,Powell and Sons,29,Salaried,78111.7,94336.69,16224.99,19332.66,0,660.0,3618178.79,48,138876.79,1,142907.11,141294.98,139682.86,138070.73,136458.6,134846.47
APP00982,Zachary Smith,Watkins Group,22,Salaried,72991.48,97865.56,24874.08,20613.59,0,771.0,3704493.6,48,60532.48,1,64662.88,63010.72,61358.56,59706.4,58054.24,56402.09
APP00983,Tammy Scott,"Barnes, Estrada and Davis",38,Self-Employed,69322.99,79232.36,9909.38,11947.42,0,706.0,1984779.07,60,84495.55,1,90569.17,88139.72,85710.28,83280.83,80851.38,78421.93
APP00984,Jamie Allen,Mitchell-Cordova,43,Self-Employed,58106.14,68917.83,10811.69,19177.72,0,674.0,2984235.92,36,111142.39,0,114807.09,113341.21,111875.33,110409.45,108943.57,107477.69
APP00985,Brian Cameron,Berry-Johnson,48,Salaried,116798.49,140391.5,23593.01,42036.56,0,624.0,3545253.87,36,183887.36,0,177992.76,180350.6,182708.44,185066.27,187424.11,189781.95
APP00986,Susan Williams,Duran PLC,37,Salaried,111954.98,143536.14,31581.16,10908.5,1,,6492920.24,84,84665.2,1,97193.83,92182.37,87170.92,82159.47,77148.02,72136.57
APP00987,Erika Lucas,Fuller PLC,48,Salaried,42109.14,50258.52,8149.39,3241.64,0,776.0,686834.01,36,108104.98,1,103843.0,105547.79,107252.58,108957.37,110662.16,112366.95
APP00988,Emily Bonilla,"Washington, Thomas and Ross",38,Salaried,110939.95,133990.54,23050.59,1445.65,0,791.0,4801827.42,120,168443.58,0,167278.71,167744.66,168210.61,168676.56,169142.51,169608.46
APP00989,Paul Castaneda,"Ford, Reed and Martin",37,Salaried,85941.34,106875.02,20933.67,12746.82,0,616.0,5930431.34,12,88895.32,2,99273.35,95122.13,90970.92,86819.71,82668.5,78517.29
APP00990,Leslie Cooley,Erickson PLC,44,Salaried,113982.19,146478.91,32496.72,3139.22,0,829.0,5668931.21,60,98237.13,1,98326.05,98290.48,98254.92,98219.35,98183.79,98148.22
APP00991,Mark Paul,"Fuller, Greene and Weeks",49,Salaried,93276.42,120065.86,26789.44,5480.1,0,697.0,6381323.94,60,254618.64,2,270075.2,263892.58,257709.95,251527.33,245344.7,239162.08
APP00992,Michael Long,Knight-Nguyen,35,Self-Employed,25321.52,28417.83,3096.31,1851.56,0,674.0,1743103.96,24,56755.85,0,54150.38,55192.57,56234.75,57276.94,58319.13,59361.32
APP00993,Lisa Byrd,"Watson, Garcia and Cook",36,Salaried,39744.11,49041.59,9297.48,12886.27,1,,2296434.09,24,42424.08,6,52444.84,48436.53,44428.23,40419.92,36411.62,32403.31
APP00994,Mark Daniels,"Manning, Hahn and Green",36,Self-Employed,219681.16,263227.34,43546.18,29368.12,0,677.0,13235357.35,48,201133.99,1,200880.87,200982.12,201083.37,201184.62,201285.87,201387.12
APP00995,Lonnie Baker,Pineda-Strickland,39,Salaried,78252.5,92446.8,14194.3,4432.8,0,706.0,4388302.03,84,199884.21,0,211435.32,206814.88,202194.43,197573.98,192953.54,188333.09
APP00996,Kara Griffith,Cole-Mcdonald,29,Self-Employed,20765.08,23625.82,2860.74,4878.99,0,661.0,885058.17,24,15884.13,1,16579.95,16301.62,16023.29,15744.97,15466.64,15188.31
APP00997,Karen Walker,"Stewart, Rodriguez and Harvey",48,Salaried,88450.79,119544.55,31093.77,13521.54,0,722.0,5251842.07,36,147412.26,0,145895.74,146502.35,147108.95,147715.56,148322.16,148928.77
APP00998,Timothy Rice,Wright Ltd,34,Self-Employed,46371.39,54127.59,7756.2,6118.59,0,670.0,2750423.38,48,94006.39,2,101146.91,98290.7,95434.49,92578.28,89722.08,86865.87
APP00999,Kelsey Li,"Stafford, Anderson and Taylor",43,Salaried,31911.8,41179.65,9267.85,4874.14,0,622.0,2033693.0,60,83860.63,0,83227.67,83480.85,83734.04,83987.23,84240.41,84493.6
APP01000,Christopher Short,Contreras-Lopez,30,Salaried,22273.13,26846.1,4572.97,3090.53,0,747.0,276679.08,24,45923.12,1,49483.67,48059.45,46635.23,45211.01,43786.79,42362.58
